{
	"display": {
		"icon": {
			"item": "minecraft:beef",
			"nbt":"{CustomModelData:12970001}"
		},
		"title":{
			"translate": "advancements.cpp.fighter.title"
		},
		"description": {
			"translate": "advancements.cpp.fighter.description"
		},
		"frame": "goal"
	},
	"parent": "cpp:robber",
	"criteria": {
		"polar_bear": {
			"trigger": "minecraft:player_killed_entity",
			"conditions": {
				"entity": {
					"type": "minecraft:polar_bear"
				}
			}
		},
		"panda": {
			"trigger": "minecraft:player_killed_entity",
			"conditions": {
				"entity": {
					"type": "minecraft:panda"
				}
			}
		}
	},
	"rewards": {
		"experience": 100
	},
	"requirements": [
		[
			"polar_bear",
			"panda"
		]
	]
}