{
	"display": {
		"icon": {
			"item": "minecraft:petrified_oak_slab",
			"nbt":"{CustomModelData:12972001}"
		},
		"title":{
			"translate": "advancements.cpp.gardener.title"
		},
		"description": {
			"translate": "advancements.cpp.gardener.description"
		}
	},
	"parent": "cpp:artist",
	"criteria": {
		"gardener": {
			"trigger": "minecraft:inventory_changed",
			"conditions": {
				"items": [
					{
						"nbt": "{id:'cpp:wool_sapling'}"
					},
					{
						"nbt": "{id:'cpp:fruit_sapling'}"
					},
					{
						"nbt": "{id:'cpp:ore_sapling'}"
					},
					{
						"nbt": "{id:'cpp:sakura_sapling'}"
					}
				]
			}
		}
	}
}