{
	"pools": [
		{
			"rolls": 1,
			"entries": [
				{
					"type": "minecraft:item",
					"name": "minecraft:lapis_lazuli",
					"functions": [
						{
							"function": "minecraft:set_count",
							"count":{
								"min": 10,
								"max": 20
							}
						}
					]
				},
				{
					"type": "minecraft:item",
					"name": "minecraft:redstone",
					"functions": [
						{
							"function": "minecraft:set_count",
							"count":{
								"min": 2,
								"max": 4
							}
						}
					]
				}
			]
		}
	]
}