{
	"pools": [
		{
			"rolls": 1,
			"entries": [
				{
					"type": "minecraft:item",
					"name": "minecraft:warped_stem",
					"functions": [
						{
							"function": "minecraft:set_count",
							"count": 3
						}
					]
				},
				{
					"type": "minecraft:item",
					"name": "minecraft:warped_wart_block",
					"functions": [
						{
							"function": "minecraft:set_count",
							"count": 3
						}
					]
				}
			]
		},
		{
			"rolls": 1,
			"entries": [
				{
					"type": "minecraft:item",
					"name": "minecraft:warped_fungus",
					"functions": [
						{
							"function": "minecraft:set_count",
							"count":{
								"min": 0,
								"max": 3
							}
						}
					]
				}
			]
		}
	]
}