{
	"pools": [
		{
			"rolls": 1,
			"entries": [
				{
					"type":"minecraft:item",
					"name":"minecraft:white_wool",
					"functions": [
						{
							"function": "minecraft:set_count",
							"count": 2
						}
					]
				},
				{
					"type":"minecraft:item",
					"name":"minecraft:orange_wool",
					"functions": [
						{
							"function": "minecraft:set_count",
							"count": 2
						}
					]
				},
				{
					"type":"minecraft:item",
					"name":"minecraft:magenta_wool",
					"functions": [
						{
							"function": "minecraft:set_count",
							"count": 2
						}
					]
				},
				{
					"type":"minecraft:item",
					"name":"minecraft:light_blue_wool",
					"functions": [
						{
							"function": "minecraft:set_count",
							"count": 2
						}
					]
				},
				{
					"type":"minecraft:item",
					"name":"minecraft:yellow_wool",
					"functions": [
						{
							"function": "minecraft:set_count",
							"count": 2
						}
					]
				},
				{
					"type":"minecraft:item",
					"name":"minecraft:lime_wool",
					"functions": [
						{
							"function": "minecraft:set_count",
							"count": 2
						}
					]
				},
				{
					"type":"minecraft:item",
					"name":"minecraft:pink_wool",
					"functions": [
						{
							"function": "minecraft:set_count",
							"count": 2
						}
					]
				},
				{
					"type":"minecraft:item",
					"name":"minecraft:gray_wool",
					"functions": [
						{
							"function": "minecraft:set_count",
							"count": 2
						}
					]
				},
				{
					"type":"minecraft:item",
					"name":"minecraft:light_gray_wool",
					"functions": [
						{
							"function": "minecraft:set_count",
							"count": 2
						}
					]
				},
				{
					"type":"minecraft:item",
					"name":"minecraft:cyan_wool",
					"functions": [
						{
							"function": "minecraft:set_count",
							"count": 2
						}
					]
				},
				{
					"type":"minecraft:item",
					"name":"minecraft:purple_wool",
					"functions": [
						{
							"function": "minecraft:set_count",
							"count": 2
						}
					]
				},
				{
					"type":"minecraft:item",
					"name":"minecraft:blue_wool",
					"functions": [
						{
							"function": "minecraft:set_count",
							"count": 2
						}
					]
				},
				{
					"type":"minecraft:item",
					"name":"minecraft:brown_wool",
					"functions": [
						{
							"function": "minecraft:set_count",
							"count": 2
						}
					]
				},
				{
					"type":"minecraft:item",
					"name":"minecraft:green_wool",
					"functions": [
						{
							"function": "minecraft:set_count",
							"count": 2
						}
					]
				},
				{
					"type":"minecraft:item",
					"name":"minecraft:red_wool",
					"functions": [
						{
							"function": "minecraft:set_count",
							"count": 2
						}
					]
				},
				{
					"type":"minecraft:item",
					"name":"minecraft:black_wool",
					"functions": [
						{
							"function": "minecraft:set_count",
							"count": 2
						}
					]
				}
			]
		},
		{
			"rolls": 1,
			"entries": [
				{
			
					"type": "minecraft:loot_table",
					"name": "cpp:wool_sapling",
					"functions": [
						{
							"function": "minecraft:set_count",
							"count": {
								"min": 0,
								"max": 3
							}
						}
					]
				}
			]
		}
	]
}