{
	"pools": [
		{
			"rolls": 1,
			"entries": [
				{
					"type": "minecraft:alternatives",
					"children": [
						{
							"conditions": [
								{
									"condition": "minecraft:location_check",
									"predicate": {
										"block": {
											"nbt": "{Items:[{id:'minecraft:sand'},{tag:{dict:['iron_dust']}}]}"
										}
									}
								}
							],
							"type": "minecraft:item",
							"name": "minecraft:iron_ingot"
						},
						{
							"conditions": [
								{
									"condition": "minecraft:location_check",
									"predicate": {
										"block": {
											"nbt": "{Items:[{id:'minecraft:sand'},{tag:{dict:['gold_dust']}}]}"
										}
									}
								}
							],
							"type": "minecraft:item",
							"name": "minecraft:gold_ingot"
						},
						{
							"conditions": [
								{
									"condition": "minecraft:location_check",
									"predicate": {
										"block": {
											"nbt": "{Items:[{id:'minecraft:sand'},{tag:{dict:['carbon_dust']}}]}"
										}
									}
								}
							],
							"type": "minecraft:item",
							"name": "minecraft:coal"
						},
						{
							"conditions": [
								{
									"condition": "minecraft:location_check",
									"predicate": {
										"block": {
											"nbt": "{Items:[{id:'minecraft:sand'},{tag:{dict:['diamond_dust']}}]}"
										}
									}
								}
							],
							"type": "minecraft:item",
							"name": "minecraft:diamond"
						},
						{
							"conditions": [
								{
									"condition": "minecraft:location_check",
									"predicate": {
										"block": {
											"nbt": "{Items:[{id:'minecraft:sand'},{tag:{dict:['emerald_dust']}}]}"
										}
									}
								}
							],
							"type": "minecraft:item",
							"name": "minecraft:emerald"
						},
						{
							"conditions": [
								{
									"condition": "minecraft:location_check",
									"predicate": {
										"block": {
											"nbt": "{Items:[{id:'minecraft:sand'},{tag:{dict:['quartz_dust']}}]}"
										}
									}
								}
							],
							"type": "minecraft:item",
							"name": "minecraft:quartz"
						},
						{
							"conditions": [
								{
									"condition": "minecraft:location_check",
									"predicate": {
										"block": {
											"nbt": "{Items:[{id:'minecraft:red_sand'},{tag:{dict:['iron_dust']}}]}"
										}
									}
								}
							],
							"type": "minecraft:item",
							"name": "minecraft:iron_ingot"
						},
						{
							"conditions": [
								{
									"condition": "minecraft:location_check",
									"predicate": {
										"block": {
											"nbt": "{Items:[{id:'minecraft:red_sand'},{tag:{dict:['gold_dust']}}]}"
										}
									}
								}
							],
							"type": "minecraft:item",
							"name": "minecraft:gold_ingot"
						},
						{
							"conditions": [
								{
									"condition": "minecraft:location_check",
									"predicate": {
										"block": {
											"nbt": "{Items:[{id:'minecraft:red_sand'},{tag:{dict:['carbon_dust']}}]}"
										}
									}
								}
							],
							"type": "minecraft:item",
							"name": "minecraft:coal"
						},
						{
							"conditions": [
								{
									"condition": "minecraft:location_check",
									"predicate": {
										"block": {
											"nbt": "{Items:[{id:'minecraft:red_sand'},{tag:{dict:['diamond_dust']}}]}"
										}
									}
								}
							],
							"type": "minecraft:item",
							"name": "minecraft:diamond"
						},
						{
							"conditions": [
								{
									"condition": "minecraft:location_check",
									"predicate": {
										"block": {
											"nbt": "{Items:[{id:'minecraft:red_sand'},{tag:{dict:['emerald_dust']}}]}"
										}
									}
								}
							],
							"type": "minecraft:item",
							"name": "minecraft:emerald"
						},
						{
							"conditions": [
								{
									"condition": "minecraft:location_check",
									"predicate": {
										"block": {
											"nbt": "{Items:[{id:'minecraft:red_sand'},{tag:{dict:['quartz_dust']}}]}"
										}
									}
								}
							],
							"type": "minecraft:item",
							"name": "minecraft:quartz"
						}
					]
				}
			]
		},
		{
			"rolls": 1,
			"entries": [
				{
					"type": "minecraft:loot_table",
					"name": "cpp:cinder",
					"conditions": [
						{
							"condition": "minecraft:random_chance",
							"chance": 0.2
						}
					]
				}
			]
		}
	]
}