{
	"pools": [
		{
			"rolls": 1,
			"entries": [
				{
					"type": "minecraft:alternatives",
					"children": [
						{
							"conditions": [
								{
									"condition": "minecraft:location_check",
									"predicate": {
										"block": {
											"nbt": "{Items:[{tag:{id:'cpp:cobblestone_plugin'}}]}"
										}
									}
								}
							],
							"type": "minecraft:item",
							"name": "minecraft:cobblestone",
							"functions":[
								{
									"function": "minecraft:set_count",
									"count": 4
								}
							]
						},
						{
							"conditions": [
								{
									"condition": "minecraft:location_check",
									"predicate": {
										"block": {
											"nbt": "{Items:[{tag:{id:'cpp:stone_plugin'}}]}"
										}
									}
								}
							],
							"type": "minecraft:item",
							"name": "minecraft:stone",
							"functions":[
								{
									"function": "minecraft:set_count",
									"count": 4
								}
							]
						},
						{
							"conditions": [
								{
									"condition": "minecraft:location_check",
									"predicate": {
										"block": {
											"nbt": "{Items:[{tag:{id:'cpp:blackstone_plugin'}}]}"
										}
									}
								}
							],
							"type": "minecraft:item",
							"name": "minecraft:blackstone",
							"functions":[
								{
									"function": "minecraft:set_count",
									"count": 4
								}
							]
						},
						{
							"conditions": [
								{
									"condition": "minecraft:location_check",
									"predicate": {
										"block": {
											"nbt": "{Items:[{tag:{id:'cpp:netherrack_plugin'}}]}"
										}
									}
								}
							],
							"type": "minecraft:item",
							"name": "minecraft:netherrack",
							"functions":[
								{
									"function": "minecraft:set_count",
									"count": 4
								}
							]
						},
						{
							"conditions": [
								{
									"condition": "minecraft:location_check",
									"predicate": {
										"block": {
											"nbt": "{Items:[{tag:{id:'cpp:end_stone_plugin'}}]}"
										}
									}
								}
							],
							"type": "minecraft:item",
							"name": "minecraft:end_stone"
						},
						{
							"conditions": [
								{
									"condition": "minecraft:location_check",
									"predicate": {
										"block": {
											"nbt": "{Items:[{id:'minecraft:blue_ice'}]}"
										}
									}
								}
							],
							"type": "minecraft:item",
							"name": "minecraft:basalt",
							"functions":[
								{
									"function": "minecraft:set_count",
									"count": 3
								}
							]
						}
					]
				}
			]
		}
	]
}