{
	"pools": [
		{
			"rolls": 1,
			"entries": [
				{
					"type": "minecraft:alternatives",
					"children": [
						{
							"conditions": [
								{
									"condition": "minecraft:location_check",
									"predicate": {
										"block": {
											"nbt": "{Items:[{id:'minecraft:iron_ingot'}]}"
										}
									}
								}
							],
							"type": "minecraft:loot_table",
							"name": "cpp:iron_dust"
						},
						{
							"conditions": [
								{
									"condition": "minecraft:location_check",
									"predicate": {
										"block": {
											"nbt": "{Items:[{id:'minecraft:gold_ingot'}]}"
										}
									}
								}
							],
							"type": "minecraft:loot_table",
							"name": "cpp:gold_dust"
						},
						{
							"conditions": [
								{
									"condition": "minecraft:alternative",
									"terms": [
										{
											"condition": "minecraft:location_check",
											"predicate": {
												"block": {
													"nbt": "{Items:[{id:'minecraft:coal'}]}"
												}
											}
										},
										{
											"condition": "minecraft:location_check",
											"predicate": {
												"block": {
													"nbt": "{Items:[{id:'minecraft:charcoal'}]}"
												}
											}
										}
									]
								}
							],
							"type": "minecraft:loot_table",
							"name": "cpp:carbon_dust"
						},
						{
							"conditions": [
								{
									"condition": "minecraft:location_check",
									"predicate": {
										"block": {
											"nbt": "{Items:[{id:'minecraft:emerald'}]}"
										}
									}
								}
							],
							"type": "minecraft:loot_table",
							"name": "cpp:emerald_dust"
						},
						{
							"conditions": [
								{
									"condition": "minecraft:location_check",
									"predicate": {
										"block": {
											"nbt": "{Items:[{id:'minecraft:diamond'}]}"
										}
									}
								}
							],
							"type": "minecraft:loot_table",
							"name": "cpp:diamond_dust"
						},
						{
							"conditions": [
								{
									"condition": "minecraft:alternative",
									"terms": [
										{
											"condition": "minecraft:location_check",
											"predicate": {
												"block": {
													"nbt": "{Items:[{id:'minecraft:quartz'}]}"
												}
											}
										},
										{
											"condition": "minecraft:location_check",
											"predicate": {
												"block": {
													"nbt": "{Items:[{id:'minecraft:diorite'}]}"
												}
											}
										},
										{
											"condition": "minecraft:location_check",
											"predicate": {
												"block": {
													"nbt": "{Items:[{id:'minecraft:andesite'}]}"
												}
											}
										},
										{
											"condition": "minecraft:location_check",
											"predicate": {
												"block": {
													"nbt": "{Items:[{id:'minecraft:granite'}]}"
												}
											}
										},
										{
											"condition": "minecraft:location_check",
											"predicate": {
												"block": {
													"nbt": "{Items:[{id:'minecraft:polished_diorite'}]}"
												}
											}
										},
										{
											"condition": "minecraft:location_check",
											"predicate": {
												"block": {
													"nbt": "{Items:[{id:'minecraft:polished_andesite'}]}"
												}
											}
										},
										{
											"condition": "minecraft:location_check",
											"predicate": {
												"block": {
													"nbt": "{Items:[{id:'minecraft:polished_granite'}]}"
												}
											}
										}
									]
								}
							],
							"type": "minecraft:loot_table",
							"name": "cpp:quartz_dust"
						},
						{
							"conditions": [
								{
									"condition": "minecraft:location_check",
									"predicate": {
										"block": {
											"nbt": "{Items:[{id:'minecraft:prismarine'}]}"
										}
									}
								}
							],
							"type": "minecraft:loot_table",
							"name": "cpp:all_in_one_machine/items/prismarine_crystals_and_3prismarine_shard"
						},
						{
							"conditions": [
								{
									"condition": "minecraft:alternative",
									"terms": [
										{
											"condition": "minecraft:location_check",
											"predicate": {
												"block": {
													"nbt": "{Items:[{id:'minecraft:prismarine_bricks'}]}"
												}
											}
										},
										{
											"condition": "minecraft:location_check",
											"predicate": {
												"block": {
													"nbt": "{Items:[{id:'minecraft:dark_prismarine'}]}"
												}
											}
										}
									]
								}
							],
							"type": "minecraft:loot_table",
							"name": "cpp:all_in_one_machine/items/prismarine_crystals_and_3prismarine_shard"
						},
						{
							"conditions": [
								{
									"condition": "minecraft:location_check",
									"predicate": {
										"block": {
											"nbt": "{Items:[{id:'minecraft:white_wool'}]}"
										}
									}
								}
							],
							"type": "minecraft:loot_table",
							"name": "cpp:all_in_one_machine/items/white_wool"
						},
						{
							"conditions": [
								{
									"condition": "minecraft:location_check",
									"predicate": {
										"block": {
											"nbt": "{Items:[{id:'minecraft:orange_wool'}]}"
										}
									}
								}
							],
							"type": "minecraft:loot_table",
							"name": "cpp:all_in_one_machine/items/orange_wool"
						},
						{
							"conditions": [
								{
									"condition": "minecraft:location_check",
									"predicate": {
										"block": {
											"nbt": "{Items:[{id:'minecraft:magenta_wool'}]}"
										}
									}
								}
							],
							"type": "minecraft:loot_table",
							"name": "cpp:all_in_one_machine/items/magenta_wool"
						},
						{
							"conditions": [
								{
									"condition": "minecraft:location_check",
									"predicate": {
										"block": {
											"nbt": "{Items:[{id:'minecraft:light_blue_wool'}]}"
										}
									}
								}
							],
							"type": "minecraft:loot_table",
							"name": "cpp:all_in_one_machine/items/light_blue_wool"
						},
						{
							"conditions": [
								{
									"condition": "minecraft:location_check",
									"predicate": {
										"block": {
											"nbt": "{Items:[{id:'minecraft:yellow_wool'}]}"
										}
									}
								}
							],
							"type": "minecraft:loot_table",
							"name": "cpp:all_in_one_machine/items/yellow_wool"
						},
						{
							"conditions": [
								{
									"condition": "minecraft:location_check",
									"predicate": {
										"block": {
											"nbt": "{Items:[{id:'minecraft:lime_wool'}]}"
										}
									}
								}
							],
							"type": "minecraft:loot_table",
							"name": "cpp:all_in_one_machine/items/lime_wool"
						},
						{
							"conditions": [
								{
									"condition": "minecraft:location_check",
									"predicate": {
										"block": {
											"nbt": "{Items:[{id:'minecraft:pink_wool'}]}"
										}
									}
								}
							],
							"type": "minecraft:loot_table",
							"name": "cpp:all_in_one_machine/items/pink_wool"
						},
						{
							"conditions": [
								{
									"condition": "minecraft:location_check",
									"predicate": {
										"block": {
											"nbt": "{Items:[{id:'minecraft:gray_wool'}]}"
										}
									}
								}
							],
							"type": "minecraft:loot_table",
							"name": "cpp:all_in_one_machine/items/gray_wool"
						},
						{
							"conditions": [
								{
									"condition": "minecraft:location_check",
									"predicate": {
										"block": {
											"nbt": "{Items:[{id:'minecraft:light_gray_wool'}]}"
										}
									}
								}
							],
							"type": "minecraft:loot_table",
							"name": "cpp:all_in_one_machine/items/light_gray_wool"
						},
						{
							"conditions": [
								{
									"condition": "minecraft:location_check",
									"predicate": {
										"block": {
											"nbt": "{Items:[{id:'minecraft:cyan_wool'}]}"
										}
									}
								}
							],
							"type": "minecraft:loot_table",
							"name": "cpp:all_in_one_machine/items/cyan_wool"
						},
						{
							"conditions": [
								{
									"condition": "minecraft:location_check",
									"predicate": {
										"block": {
											"nbt": "{Items:[{id:'minecraft:purple_wool'}]}"
										}
									}
								}
							],
							"type": "minecraft:loot_table",
							"name": "cpp:all_in_one_machine/items/purple_wool"
						},
						{
							"conditions": [
								{
									"condition": "minecraft:location_check",
									"predicate": {
										"block": {
											"nbt": "{Items:[{id:'minecraft:blue_wool'}]}"
										}
									}
								}
							],
							"type": "minecraft:loot_table",
							"name": "cpp:all_in_one_machine/items/blue_wool"
						},
						{
							"conditions": [
								{
									"condition": "minecraft:location_check",
									"predicate": {
										"block": {
											"nbt": "{Items:[{id:'minecraft:brown_wool'}]}"
										}
									}
								}
							],
							"type": "minecraft:loot_table",
							"name": "cpp:all_in_one_machine/items/brown_wool"
						},
						{
							"conditions": [
								{
									"condition": "minecraft:location_check",
									"predicate": {
										"block": {
											"nbt": "{Items:[{id:'minecraft:green_wool'}]}"
										}
									}
								}
							],
							"type": "minecraft:loot_table",
							"name": "cpp:all_in_one_machine/items/green_wool"
						},
						{
							"conditions": [
								{
									"condition": "minecraft:location_check",
									"predicate": {
										"block": {
											"nbt": "{Items:[{id:'minecraft:red_wool'}]}"
										}
									}
								}
							],
							"type": "minecraft:loot_table",
							"name": "cpp:all_in_one_machine/items/red_wool"
						},
						{
							"conditions": [
								{
									"condition": "minecraft:location_check",
									"predicate": {
										"block": {
											"nbt": "{Items:[{id:'minecraft:black_wool'}]}"
										}
									}
								}
							],
							"type": "minecraft:loot_table",
							"name": "cpp:all_in_one_machine/items/black_wool"
						},
						{
							"conditions": [
								{
									"condition": "minecraft:location_check",
									"predicate": {
										"block": {
											"nbt": "{Items:[{id:'minecraft:clay'}]}"
										}
									}
								}
							],
							"type": "minecraft:item",
							"name": "minecraft:slime_ball"
						}
					]
				}
			]
		}
	]
}