序号,用户名,楼层,时间,评论
1,マスクthe斉藤,1182,2019-04-03 19:45:47
2,D德尔菲恩,1181,2019-04-03 18:58:38
3,奈格里-阿尔索斯,1180,2019-04-03 16:25:48
4,暗之杀丶,1179,2019-04-03 15:43:42
5,Mendako帝国一般臣民,1178,2019-04-03 15:26:04
6,喜欢土豆妮的脆皮姬,1177,2019-04-03 13:46:53
7,我是创造神,1176,2019-04-03 13:36:12
8,一組のおじさん,1175,2019-04-03 12:57:10
9,夏目的骰子,1174,2019-04-03 11:52:18
10,夏目的骰子,1173,2019-04-03 11:52:02
11,没火神,1172,2019-04-03 11:42:39
12,紫羽丿紫雨,1171,2019-04-03 11:30:04
13,流天咸鱼骨,1170,2019-04-03 11:28:04
14,久伴不弃-,1169,2019-04-03 11:27:44
15,传火の提督,1168,2019-04-03 10:51:52
16,寒蝉之血,1167,2019-04-03 10:32:09
17,new_York,1166,2019-04-03 09:25:47
18,星籽叶,1165,2019-04-03 07:46:28
19,陌翎禹sunflower,1164,2019-04-03 07:44:46
20,北大路可憐w,1163,2019-04-03 07:41:44
21,不是DD,1162,2019-04-03 06:48:10
22,单推ままつり,1161,2019-04-03 03:02:45
23,木枕异羽,1160,2019-04-03 02:46:06
24,LinneOhara,1159,2019-04-03 02:38:07
25,路过的10,1158,2019-04-03 02:21:10
26,MisakaMisa,1157,2019-04-03 01:55:46
27,NAAAA丶Sino,1156,2019-04-03 01:32:08
28,妹子的春天,1155,2019-04-03 01:22:13
29,AshingReloading,1154,2019-04-03 00:59:41
30,湮み灭,1153,2019-04-03 00:41:35
31,luciferbible,1152,2019-04-03 00:30:36
32,要选哪一个,1151,2019-04-03 00:28:18
33,蘭凱凱,1150,2019-04-03 00:00:28
34,时间无终点,1149,2019-04-02 23:36:01
35,小鸟之影,1148,2019-04-02 23:22:43
36,桜之夢,1147,2019-04-02 23:13:41
37,真中_合欢,1146,2019-04-02 22:59:28
38,hyehshdjz,1145,2019-04-02 22:52:46
39,丶可妮莉娅丶,1144,2019-04-02 22:43:27
40,林檎酱不喜欢蘋果,1143,2019-04-02 22:39:16
41,星殇琉璃,1142,2019-04-02 22:33:59
42,你已被踢出群,1141,2019-04-02 22:25:50
43,Memory妖狐,1140,2019-04-02 22:18:23
44,宇智波の月读,1139,2019-04-02 22:13:53
45,Amatsusakaze,1138,2019-04-02 22:06:06
46,New艾萨克,1137,2019-04-02 21:59:29
47,zhmtx,1136,2019-04-02 21:52:32
48,楠原ゆぃ,1135,2019-04-02 21:51:43
49,樱小路い露娜,1134,2019-04-02 21:51:34
50,奇迹の魔女,1133,2019-04-02 21:48:53
51,かめん,1132,2019-04-02 21:45:51
52,星了个龙,1131,2019-04-02 21:42:33
53,南余-,1130,2019-04-02 21:41:20
54,嘘じやない,1129,2019-04-02 21:39:28
55,書記不記書,1128,2019-04-02 21:33:47
56,少年你很棒棒哟,1127,2019-04-02 21:33:12
57,苍叶MYLOVE,1126,2019-04-02 21:31:09
58,bakiw,1125,2019-04-02 21:27:20
59,MFunction,1124,2019-04-02 21:24:00
60,寒蝉之血,1123,2019-04-02 21:16:46
61,日向彼方,1122,2019-04-02 21:13:08
62,imaho,1121,2019-04-02 21:11:33
63,xq流水人,1120,2019-04-02 21:03:11
64,双叶菜菜,1119,2019-04-02 21:01:39
65,xjxzq,1118,2019-04-02 20:58:58
66,陌丶迷失,1117,2019-04-02 20:56:41
67,有事打电话号码110,1116,2019-04-02 20:55:57
68,奥尔菲乌斯,1115,2019-04-02 20:52:21
69,单推阿夸的DD若尘,1114,2019-04-02 20:49:34
70,远离一切尘土的理想乡,1113,2019-04-02 20:46:59
71,xpg885968,1112,2019-04-02 20:43:13
72,穢羽◎落尘,1111,2019-04-02 20:26:33
73,亚绮-罗森OfficiaI,1110,2019-04-02 20:24:04
74,暗黑领主,1109,2019-04-02 20:17:04
75,zjkdkskzk,1108,2019-04-02 20:12:42
76,MadaoHX,1107,2019-04-02 20:06:59
77,风声的回忆,1106,2019-04-02 20:05:35
78,假面猥琐之神,1105,2019-04-02 19:57:40
79,黑衣JYK,1104,2019-04-02 19:56:43
80,00Time,1103,2019-04-02 19:55:04
81,SetsunaOhime,1102,2019-04-02 19:41:00
82,空想翼冢,1101,2019-04-02 19:31:23
83,姑凉如梦,1100,2019-04-02 19:28:03
84,越过影迹,1099,2019-04-02 19:27:48
85,King·Evil,1098,2019-04-02 19:24:25
86,楠衣,1097,2019-04-02 19:22:45
87,假面骑士vain,1096,2019-04-02 19:21:33
88,A1高闪来一个女子口马,1095,2019-04-02 19:19:42
89,天破壤碎の守护,1094,2019-04-02 19:01:36
90,nidayeGG,1093,2019-04-02 18:57:32
91,风雪吟舞,1092,2019-04-02 18:46:00
92,ChthoIly,1091,2019-04-02 18:43:57
93,艳阳小天,1090,2019-04-02 18:43:32
94,PC瑾,1089,2019-04-02 18:42:03
95,宿命の决斗,1088,2019-04-02 18:40:09
96,半夏凉樱,1087,2019-04-02 18:37:36
97,叮裆汪,1086,2019-04-02 18:34:04
98,冰霐斩风,1085,2019-04-02 18:29:15
99,Hipper37,1084,2019-04-02 18:29:14
100,朝日向万那,1083,2019-04-02 18:27:22
101,everybackxd,1082,2019-04-02 18:27:02
102,鈴Misuzu,1081,2019-04-02 18:21:41
103,电话费小孩,1080,2019-04-02 18:20:13
104,古河晴川,1079,2019-04-02 18:18:58
105,天马飞天马,1078,2019-04-02 18:18:11
106,此岸琉璃,1077,2019-04-02 18:14:44
107,蓬莱山辉夜和兔子,1076,2019-04-02 18:10:58
108,麦兜2号,1075,2019-04-02 18:09:05
109,Una-Atadura,1074,2019-04-02 18:09:03
110,卫宫士郎村正,1073,2019-04-02 18:08:31
111,南蓉不会打日麻,1072,2019-04-02 18:04:24
112,夜空下の篝火,1071,2019-04-02 18:02:09
113,坟场无人,1070,2019-04-02 18:01:34
114,坂井shana,1069,2019-04-02 17:58:28
115,如初戀,1068,2019-04-02 17:57:38
116,一点点四季春玛奇朵,1067,2019-04-02 17:57:33
117,余留锋芒,1066,2019-04-02 17:54:54
118,Luhey,1065,2019-04-02 17:54:51
119,断桥残雪2411,1064,2019-04-02 17:54:25
120,晓雾初霁之时,1063,2019-04-02 17:52:56
121,没脑子的生物,1062,2019-04-02 17:52:15
122,世界灯塔,1061,2019-04-02 17:51:54
123,亚利艾尔,1060,2019-04-02 17:51:19
124,没cccccc,1059,2019-04-02 17:49:50
125,_Hanser-,1058,2019-04-02 17:49:29
126,AIChannel,1057,2019-04-02 17:47:41
127,時雨-Shigure,1056,2019-04-02 17:46:40
128,不要读我的名字,1055,2019-04-02 17:46:10
129,Hanami_観花成海,1054,2019-04-02 17:43:54
130,吸妹空酱欧气的ティア,1053,2019-04-02 17:41:25
131,念乄初,1052,2019-04-02 17:40:58
132,聆听者与书写者,1051,2019-04-02 17:40:57
133,x沙自,1050,2019-04-02 17:40:23
134,病娇智浩prpr,1049,2019-04-02 17:39:38
135,如月小夜子,1048,2019-04-02 17:39:32
136,flippyQWQ,1047,2019-04-02 17:39:14
137,pin君,1046,2019-04-02 17:38:14
138,yucat_probe,1045,2019-04-02 17:38:13
139,镜⑨猫,1044,2019-04-02 16:11:55
140,叢雨绫,1043,2019-04-02 14:55:22
141,建国后成精的蘑菇君,1042,2019-04-02 14:44:23
142,影法师先生,1041,2019-04-02 10:27:38
143,语非言,1040,2019-04-02 01:14:40
144,蕾姆吾命,1039,2019-04-01 23:29:59
145,xq流水人,1038,2019-04-01 23:05:51
146,=w=萌王,1037,2019-04-01 18:23:07
147,箬笠衾荽,1036,2019-04-01 16:42:59
148,逍遥q,1035,2019-04-01 14:55:15
149,Nepheart,1034,2019-04-01 12:01:35
150,RickWang522,1033,2019-04-01 09:37:48
151,Key_季節物語,1031,2019-04-01 09:01:16
152,崽崽不含糖,1030,2019-04-01 04:01:41
153,消失的航迹云,1029,2019-04-01 00:17:51
154,AugustPullman,1028,2019-03-31 23:21:58
155,作死的潘达桑,1027,2019-03-31 23:01:23
156,丢人master,1025,2019-03-31 22:16:42
157,冷悦塟錵魂,1024,2019-03-31 20:13:57
158,宮泽有济宁,1023,2019-03-31 18:39:15
159,本宫大辅,1022,2019-03-31 17:25:26
160,マジmagique,1021,2019-03-31 16:56:52
161,破碎的星痕,1020,2019-03-31 16:56:39
162,Mr__十三,1019,2019-03-31 15:39:00
163,网易第五人格官方账号,1018,2019-03-31 15:10:33
164,华哥官方,1017,2019-03-31 14:37:57
165,伤诚君,1016,2019-03-31 12:05:13
166,筱条智,1015,2019-03-31 11:39:26
167,Astaier,1014,2019-03-31 09:27:58
168,星灵执行官,1013,2019-03-31 09:14:32
169,萧风夙,1012,2019-03-31 07:50:28
170,小琴叶Official,1011,2019-03-31 01:45:16
171,一只西维亚,1010,2019-03-31 01:44:09
172,满天星光不及你的闪亮,1009,2019-03-31 01:37:05
173,自闭的思念酱,1008,2019-03-30 23:59:41
174,夏亚--阿兹纳布尔,1007,2019-03-30 21:48:18
175,Kagami_Kaede,1006,2019-03-30 21:26:21
176,君は顔を変えていない,1005,2019-03-30 21:08:53
177,月夜提灯的影法師,1004,2019-03-30 19:15:51
178,利德0,1003,2019-03-30 17:34:50
179,France紫荆花,1002,2019-03-30 16:22:42
180,tik75961,1001,2019-03-30 14:58:37
181,小揪皮,1000,2019-03-30 14:58:26
182,无聊翻倍,999,2019-03-30 14:38:30
183,凛音RinneOhara,998,2019-03-30 14:27:17
184,tthtmi,997,2019-03-30 12:59:20
185,不灭d光辉,996,2019-03-30 12:49:52
186,air_block,995,2019-03-30 12:40:01
187,服柚子,994,2019-03-30 12:32:58
188,龙出沧溟腾碧虚,993,2019-03-30 12:27:37
189,白白白河豚,992,2019-03-30 11:20:53
190,re篠原翼,991,2019-03-30 11:16:28
191,泪崩也看,990,2019-03-30 11:14:50
192,縱使日薄西山,989,2019-03-30 09:31:55
193,黑の千羽,988,2019-03-30 09:10:44
194,幽奈sama,987,2019-03-30 08:04:39
195,叮叮咚咚御茶子,986,2019-03-30 06:56:11
196,是我嗷呜哒,985,2019-03-30 06:47:54
197,zerozzc,984,2019-03-30 05:13:28
198,可爱的亚北音留,983,2019-03-30 03:11:51
199,提督提督提,982,2019-03-30 01:04:57
200,阿阮～,981,2019-03-30 01:00:45
201,噩梦气泡_Float,980,2019-03-30 00:41:42
202,尘归尘です,979,2019-03-30 00:38:39
203,风之剑士伏莱,978,2019-03-30 00:13:14
204,小Z敲阔耐,977,2019-03-30 00:02:31
205,爱吵架的猫,976,2019-03-29 23:55:25
206,星宿名堂哦喷绘,975,2019-03-29 23:45:10
207,hcbbce,974,2019-03-29 23:21:36
208,江先生不吃人,973,2019-03-29 22:50:23
209,IDFeChel,972,2019-03-29 22:37:47
210,栖雅の七濑,971,2019-03-29 22:34:30
211,麻衣同学最棒了,970,2019-03-29 22:32:07
212,不明的小黑,969,2019-03-29 22:23:04
213,__Sau,968,2019-03-29 22:17:29
214,他啊他不来,967,2019-03-29 22:16:21
215,黑羽夜翎Fantasy,966,2019-03-29 22:13:48
216,一位隐藏的绅士,965,2019-03-29 21:57:00
217,有想法没枪法,963,2019-03-29 20:21:30
218,天下第三月五,962,2019-03-29 20:11:47
219,涅普gear,961,2019-03-29 19:57:25
220,适众者,960,2019-03-29 19:47:42
221,blizzardd2,959,2019-03-29 19:46:48
222,星了个龙,958,2019-03-29 19:19:44
223,动态话动姬,957,2019-03-29 19:02:59
224,席琉丝,956,2019-03-29 18:50:54
225,雨何时才会停，血何时才会干？,955,2019-03-29 18:48:34
226,秦夏瑜,954,2019-03-29 18:47:45
227,螺旋闪光金轮舞吼叁式,953,2019-03-29 18:37:36
228,我爱吃白饭,952,2019-03-29 18:27:37
229,秽迹ゞ卡巴拉之树,951,2019-03-29 18:22:49
230,人间失格t,950,2019-03-29 18:15:10
231,凉尽宫心春日忧,949,2019-03-29 18:02:43
232,1加1等于10,948,2019-03-29 17:59:20
233,羽洛桃觞,947,2019-03-29 17:58:43
234,智者学派戴表人物,946,2019-03-29 17:55:16
235,Alter卫宫士郎,945,2019-03-29 17:53:41
236,菲娜的未婚夫,944,2019-03-29 17:50:55
237,鹿野上yuuma,943,2019-03-29 17:41:32
238,倾听迩訫,942,2019-03-29 17:39:08
239,喵兵76,941,2019-03-29 17:33:31
240,lin1166a,940,2019-03-29 17:24:55
241,你很棒棒哟zz,939,2019-03-29 17:24:49
242,准提道人,938,2019-03-29 17:24:05
243,九琉子,937,2019-03-29 17:24:03
244,沫茶夹心饼,936,2019-03-29 17:22:32
245,想成为强度党的咸鱼党,935,2019-03-29 17:21:46
246,烨兮奈,934,2019-03-29 17:16:43
247,夜-刀-神-十香,933,2019-03-29 17:12:32
248,MN-橘子皮,932,2019-03-29 17:11:42
249,271916307,931,2019-03-29 17:06:52
250,Lowkey丶丶,929,2019-03-29 17:04:59
251,nepnep板载,928,2019-03-29 16:58:51
252,辉辉,927,2019-03-29 16:57:18
253,我永远只喜欢纸片人,926,2019-03-29 16:52:38
254,龙融仔,925,2019-03-29 16:50:31
255,奥术飓风,924,2019-03-29 16:49:59
256,可啪の幽菌,923,2019-03-29 16:44:47
257,The丶Adonis,922,2019-03-29 16:44:12
258,黑镰刀,921,2019-03-29 16:44:06
259,穢羽◎落尘,920,2019-03-29 16:43:22
260,夜空中最亮的荧光,919,2019-03-29 16:43:05
261,思乡之风,918,2019-03-29 16:43:02
262,为了祭妹的美好明天,917,2019-03-29 16:42:28
263,Lucky灬巅峰,916,2019-03-29 16:41:17
264,杨氏族,915,2019-03-29 16:41:00
265,半截橘子,914,2019-03-29 16:39:57
266,莫淮行,913,2019-03-29 16:37:12
267,月下樱花树OvO,912,2019-03-29 16:35:07
268,噬魂@妖梦,911,2019-03-29 16:34:36
269,Fizzy_Cola,910,2019-03-29 16:34:17
270,v字卖萌队,909,2019-03-29 16:33:41
271,亨伯特的安娜贝尔,908,2019-03-29 16:33:17
272,月夜night,907,2019-03-29 16:31:02
273,nazcor,906,2019-03-29 16:27:59
274,好想娶个名字,905,2019-03-29 16:27:10
275,维特de诺言,904,2019-03-29 16:25:38
276,羽猪1,903,2019-03-29 16:23:53
277,灼眼红炎,902,2019-03-29 16:23:38
278,azx330,901,2019-03-29 16:23:02
279,孤独の径丶坦克杀手,900,2019-03-29 16:20:07
280,夏色フブキ,899,2019-03-29 16:20:06
281,消え去る中,898,2019-03-29 16:19:03
282,Graphyne_C,897,2019-03-29 16:18:25
283,呆滞的面包,896,2019-03-29 16:15:50
284,欧皇的救赎,895,2019-03-29 16:15:02
285,chiren时雨,894,2019-03-29 16:12:15
286,锋芒米,893,2019-03-29 16:07:53
287,朝日の露娜sama,892,2019-03-29 16:07:49
288,狂欲の魔王,891,2019-03-29 16:07:26
289,在下玻璃渣,890,2019-03-29 16:07:02
290,真田六花,889,2019-03-29 16:05:47
291,Djura,888,2019-03-29 16:05:39
292,Vritor,887,2019-03-29 15:16:58
293,王道然,886,2019-03-29 15:01:32
294,此生不灭爱,885,2019-03-29 13:34:03
295,冰激凌羊太,884,2019-03-29 12:16:51
296,白鹰r2yw,883,2019-03-29 12:06:47
297,浅野菌孑,882,2019-03-29 11:43:02
298,飘的羽毛,881,2019-03-29 11:11:40
299,博德俺の嫁,880,2019-03-29 10:58:19
300,幻星の琉璃,879,2019-03-29 10:16:54
301,诗酒论年华安宁渡余生,878,2019-03-29 09:27:25
302,winnie_htcww,877,2019-03-29 09:26:51
303,初恋は,876,2019-03-29 08:56:16
304,无端续断,875,2019-03-29 07:52:12
305,星邪痕与灵音天少,874,2019-03-29 07:47:56
306,Oue,873,2019-03-29 07:46:33
307,和泉紗霧です,872,2019-03-29 07:11:22
308,シャーロックさん,871,2019-03-29 06:54:37
309,雾恋丿晨曦,870,2019-03-29 06:12:43
310,权贵Official,869,2019-03-29 02:28:03
311,呆萌渚,868,2019-03-29 02:05:07
312,直言不讳,867,2019-03-29 01:37:41
313,lixymonze,866,2019-03-29 01:07:25
314,Rewrite_幻影,865,2019-03-29 01:02:57
315,buzaicmn,864,2019-03-29 01:02:56
316,wikun,863,2019-03-29 01:00:52
317,昨晚梦到美游实装了,862,2019-03-29 01:00:04
318,煙熏果凍,861,2019-03-29 00:59:27
319,Minam1Kaze,860,2019-03-29 00:38:19
320,泪无影伤无痕,859,2019-03-29 00:23:32
321,韶华卿俇,858,2019-03-29 00:20:50
322,New艾萨克,857,2019-03-29 00:12:29
323,Hyqnm,856,2019-03-29 00:10:41
324,敲代码的rumble,855,2019-03-29 00:09:36
325,白露级二番舰时雨,854,2019-03-29 00:01:58
326,天启者-drak魂,853,2019-03-28 23:57:39
327,夜丶神伤,852,2019-03-28 23:46:46
328,米始终,851,2019-03-28 23:41:22
329,米始终,850,2019-03-28 23:38:05
330,RyuiLHD,849,2019-03-28 23:11:16
331,夏梦如月,848,2019-03-28 23:11:09
332,影沫谙虫,847,2019-03-28 22:57:57
333,羡卿Cc,846,2019-03-28 22:54:26
334,山风家的Tetsuya,845,2019-03-28 22:52:53
335,呆萌纯爷们,844,2019-03-28 22:50:50
336,TNTrainbowCat,843,2019-03-28 22:48:32
337,虾色祭,842,2019-03-28 22:44:02
338,单推月影花莲,841,2019-03-28 22:39:31
339,Dub-KAYON,840,2019-03-28 22:33:44
340,轻舞昭阳,839,2019-03-28 22:32:19
341,幽忧紫,838,2019-03-28 22:31:49
342,皆村春樹,837,2019-03-28 22:22:00
343,星井美希MIKI,836,2019-03-28 22:21:54
344,合欢qvq,835,2019-03-28 22:21:22
345,云烨朱云,834,2019-03-28 22:14:04
346,迪昂赛高,833,2019-03-28 22:09:42
347,本気天子,832,2019-03-28 21:50:57
348,一只木子渣,831,2019-03-28 21:49:12
349,Tonsoku,830,2019-03-28 21:47:44
350,脑子进水,829,2019-03-28 21:43:11
351,崔佛斯,828,2019-03-28 21:41:53
352,かわいいrinne,827,2019-03-28 21:36:35
353,Koyomi暦,826,2019-03-28 21:21:30
354,妖魔化的先辈,825,2019-03-28 21:20:30
355,光暗交织的境界,824,2019-03-28 21:14:45
356,ドMの狂信徒,823,2019-03-28 21:12:57
357,风子_大师,822,2019-03-28 20:56:53
358,我爱アイウエ天降之物,821,2019-03-28 20:56:30
359,茶琰爱次糖,820,2019-03-28 20:56:14
360,风子_大师,819,2019-03-28 20:56:02
361,安知天地心,818,2019-03-28 20:53:52
362,com11-,817,2019-03-28 20:41:49
363,托托巴斯,816,2019-03-28 20:35:01
364,彼岸D星空,815,2019-03-28 20:34:59
365,既然你诚心诚意的发问了,814,2019-03-28 20:32:51
366,Sayami,813,2019-03-28 20:29:19
367,能美-クドリャフカ,812,2019-03-28 20:29:02
368,Laurant13,811,2019-03-28 20:24:29
369,Squidward最佳苦瓜,810,2019-03-28 20:23:48
370,gjd的守望者,809,2019-03-28 20:18:58
371,残梦寒烟,808,2019-03-28 20:17:20
372,等待呢歌,807,2019-03-28 20:15:30
373,星陨流年,806,2019-03-28 20:12:48
374,SGS桂生,805,2019-03-28 20:11:31
375,邪灵poi,804,2019-03-28 20:10:55
376,SGS桂生,803,2019-03-28 20:09:13
377,坑神ks250,802,2019-03-28 20:08:29
378,はなゆき,801,2019-03-28 20:07:51
379,泷清都督,800,2019-03-28 20:02:48
380,仁礼すみか,799,2019-03-28 20:00:56
381,枫叶の玲,798,2019-03-28 19:54:37
382,HiKexzj,797,2019-03-28 19:49:43
383,香风制杖,796,2019-03-28 19:46:56
384,zhouyiZZ,795,2019-03-28 19:32:32
385,千堂酱,794,2019-03-28 19:29:12
386,夜月言,793,2019-03-28 19:24:55
387,鳴瀬丶しろは,792,2019-03-28 19:24:09
388,200bear,791,2019-03-28 19:18:24
389,泠XiXi,790,2019-03-28 19:03:16
390,DScover,789,2019-03-28 18:59:47
391,封意,788,2019-03-28 18:58:26
392,合縁奇縁,787,2019-03-28 18:57:14
393,戴戒指的魔法师eMiya,786,2019-03-28 18:56:44
394,那殇无痕,785,2019-03-28 18:55:46
395,忆风殇,784,2019-03-28 18:55:25
396,圣刻龙王,783,2019-03-28 18:50:47
397,洛克人Zero火,782,2019-03-28 18:47:58
398,終わりのない物語,781,2019-03-28 18:44:05
399,四叶咖啡厅,780,2019-03-28 18:42:20
400,路西斐尔饲主,779,2019-03-28 18:41:46
401,星星的飞机,778,2019-03-28 18:39:28
402,秽迹ゞ卡巴拉之树,777,2019-03-28 18:36:19
403,卡槟灬,776,2019-03-28 18:33:12
404,闇中桑,775,2019-03-28 18:28:34
405,木翎的小号-_-,774,2019-03-28 18:26:54
406,空门苍,773,2019-03-28 18:23:43
407,核萌弹,772,2019-03-28 18:22:29
408,丶折千,771,2019-03-28 18:22:17
409,Young小墨,770,2019-03-28 18:20:46
410,西门诸葛,769,2019-03-28 18:20:20
411,amdzzzz,768,2019-03-28 18:19:08
412,等待并满怀希望,767,2019-03-28 18:18:41
413,黑丝prprpr,766,2019-03-28 18:17:01
414,KeyF-Penguin,765,2019-03-28 18:12:43
415,烧酒家的结弦,764,2019-03-28 18:12:38
416,George_Mr,763,2019-03-28 18:09:56
417,拉缇娜的眷属,762,2019-03-28 18:09:43
418,夠鐘返學喇,761,2019-03-28 18:09:15
419,天然的突然,760,2019-03-28 18:05:17
420,你指定的名字,759,2019-03-28 18:04:38
421,E某白,758,2019-03-28 18:04:12
422,幽邃边界,757,2019-03-28 17:59:58
423,麒麟児,756,2019-03-28 17:59:54
424,为什么那么多生僻的昵称都被起了啊,755,2019-03-28 17:57:50
425,GentlemanAliceLily,754,2019-03-28 17:57:02
426,恋爱的冰火两重天,753,2019-03-28 17:55:58
427,爱包子的陈汐,752,2019-03-28 17:55:03
428,不知名的天狗,751,2019-03-28 17:53:40
429,兀立岸边,750,2019-03-28 17:53:24
430,liud3,749,2019-03-28 17:51:15
431,水琴子,748,2019-03-28 17:47:47
432,labettle,747,2019-03-28 17:47:45
433,冥想,746,2019-03-28 17:47:35
434,weearc,745,2019-03-28 17:47:05
435,是硬汉鸭,744,2019-03-28 17:41:48
436,三十光年,743,2019-03-28 17:36:39
437,三十光年,742,2019-03-28 17:35:17
438,柳瀬詠歌,741,2019-03-28 17:33:35
439,罪域の终焉,740,2019-03-28 17:31:19
440,时光放逐,739,2019-03-28 17:31:15
441,水沐柒_embryo,738,2019-03-28 17:30:28
442,Clannad水夕,737,2019-03-28 17:29:44
443,一般通过dd天狗,736,2019-03-28 17:26:24
444,在下川川子,735,2019-03-28 17:26:22
445,頑固者kun,734,2019-03-28 17:25:29
446,孤独的开朗者,733,2019-03-28 17:25:09
447,頑固者kun,732,2019-03-28 17:23:26
448,nidayeGG,731,2019-03-28 17:21:13
449,花花花花吻在上,730,2019-03-28 17:18:04
450,Passky,729,2019-03-28 17:16:51
451,嫌麻烦的普通人,728,2019-03-28 17:13:46
452,吾妻夜_,727,2019-03-28 17:13:41
453,恒梦,726,2019-03-28 17:11:41
454,3a3,725,2019-03-28 17:10:40
455,玖渚友゙,724,2019-03-28 17:05:13
456,mmmlll,723,2019-03-28 17:03:49
457,羽岛丶夜丶琴空,722,2019-03-28 17:03:18
458,我的女神づmiku,721,2019-03-28 17:02:34
459,i辰未,720,2019-03-28 17:02:13
460,古朗月行_guyue,719,2019-03-28 17:00:56
461,自闭的思念酱,718,2019-03-28 16:59:26
462,我的女神づmiku,717,2019-03-28 16:58:37
463,幻或梦,716,2019-03-28 16:57:35
464,夜樱暮春,715,2019-03-28 16:56:16
465,AraMano,714,2019-03-28 16:55:44
466,rfvhucgb,713,2019-03-28 16:55:25
467,神兽godbeast,712,2019-03-28 16:54:49
468,_权与力_,711,2019-03-28 16:54:45
469,堞祈集,710,2019-03-28 16:54:40
470,ザクラの桜,709,2019-03-28 16:54:35
471,0夜尽0天明0,708,2019-03-28 16:54:17
472,赤青蛙,707,2019-03-28 16:53:54
473,无尽的向往者,706,2019-03-28 16:53:31
474,繁街不暖人心,705,2019-03-28 16:52:16
475,清风慕弦,704,2019-03-28 16:52:01
476,兔の名,703,2019-03-28 16:50:58
477,弓塚☆五月,702,2019-03-28 16:49:40
478,蜜柑怪兽zura,701,2019-03-28 16:49:11
479,二阶堂真红么么哒,700,2019-03-28 16:48:35
480,久遠千歳マン,699,2019-03-28 16:46:40
481,クトリノタセニオリス,698,2019-03-28 16:46:37
482,单推型肥羊,696,2019-03-28 16:45:08
483,折原詭咲,695,2019-03-28 16:44:21
484,雨宫鸠子,694,2019-03-28 16:44:16
485,AIRisMY,693,2019-03-28 16:42:42
486,凌枫玖,692,2019-03-28 16:39:56
487,sunyu1995,691,2019-03-28 16:39:04
488,-Kazama-黯翎,690,2019-03-28 16:39:00
489,Nelson_P,689,2019-03-28 16:37:05
490,soul39,688,2019-03-28 16:36:43
491,朧三日月,687,2019-03-28 16:36:13
492,萌えの耗纸w,686,2019-03-28 16:35:02
493,萌えの耗纸w,685,2019-03-28 16:34:33
494,春日院遥,684,2019-03-28 16:33:29
495,鄭伯克段于鄢,683,2019-03-28 16:32:03
496,折翼的海鸥,682,2019-03-28 16:28:18
497,搞基不带为师,681,2019-03-28 16:26:16
498,觋汐莉が,680,2019-03-28 16:21:12
499,陽向井あさひ,679,2019-03-28 16:21:02
500,nikaido真红,678,2019-03-28 16:20:28
501,白鸟夜见,677,2019-03-28 16:20:05
502,宫内莲华Official,676,2019-03-28 16:19:08
503,爱唐的猫,675,2019-03-28 16:18:37
504,幽闭桑,674,2019-03-28 16:18:07
505,rdut64,673,2019-03-28 16:16:30
506,亚里弗斯螺旋钢炮,672,2019-03-28 16:16:16
507,挚爱丶丛雨,671,2019-03-28 16:15:48
508,BobKiho,670,2019-03-28 16:15:19
509,Turalyon333,669,2019-03-28 16:12:46
510,茱雀ノ怜壱,668,2019-03-28 16:12:36
511,最爱狼狗哥哥了,667,2019-03-28 16:12:17
512,羽未umi,666,2019-03-28 16:12:15
513,紬_ヴェンダース,665,2019-03-28 16:11:42
514,世玖君,664,2019-03-28 16:11:16
515,apelov,663,2019-03-28 16:11:07
516,是哥哥的话可以的哦,662,2019-03-28 16:10:50
517,Nnami,661,2019-03-28 16:10:30
518,千叶no堕天圣黑猫,660,2019-03-28 16:09:27
519,MeaquaOfficiaI,659,2019-03-28 16:09:04
520,穷学生1998,658,2019-03-28 16:07:42
521,storh,657,2019-03-28 15:36:30
522,最爱夏娜的菠萝包,656,2019-03-28 14:43:40
523,天合少战联盟河城航空,655,2019-03-28 14:10:22
524,死徒2424,654,2019-03-28 13:39:16
525,dkshow,653,2019-03-28 13:02:52
526,月に寄りそう少年,652,2019-03-28 12:48:02
527,糗糗哒,651,2019-03-28 12:43:52
528,しろは天下第一,650,2019-03-28 12:38:54
529,Blueのほし,649,2019-03-28 12:33:25
530,千恋の秽翼,648,2019-03-28 12:26:55
531,森园穗乃雪,647,2019-03-28 12:25:12
532,月⑤,646,2019-03-28 12:24:51
533,七析析析,645,2019-03-28 12:05:26
534,铁蛋大魔王123,644,2019-03-28 11:47:02
535,RE_INORI,642,2019-03-28 11:19:02
536,帅若,641,2019-03-28 10:25:57
537,星籽叶,640,2019-03-28 10:13:55
538,老铁很钢,639,2019-03-28 09:21:16
539,PinM-,638,2019-03-28 09:18:31
540,红绫蓝天依,637,2019-03-28 08:37:40
541,frrqw,636,2019-03-28 08:18:04
542,月影清歌独我-,635,2019-03-28 08:16:41
543,无边幻象,634,2019-03-28 08:14:20
544,樱时同学提不起劲,633,2019-03-28 08:10:22
545,御坂越雪,632,2019-03-28 07:52:46
546,望星之沧月,631,2019-03-28 07:50:37
547,真厶简单,630,2019-03-28 07:45:23
548,牌子函,629,2019-03-28 07:43:10
549,萬能的無口君,628,2019-03-28 07:39:28
550,风声的回忆,627,2019-03-28 07:07:43
551,幼刀幼刀幼,626,2019-03-28 06:37:49
552,ls51476,625,2019-03-28 06:00:00
553,拔刀斋丶心,624,2019-03-28 05:17:33
554,梦想变欧的恩召,623,2019-03-28 05:17:22
555,Pile_eric派派,622,2019-03-28 03:33:13
556,带带中师兄,621,2019-03-28 03:27:32
557,青椒漏丝,620,2019-03-28 03:24:09
558,上衫若水丶,619,2019-03-28 02:46:10
559,zyraider,618,2019-03-28 02:44:55
560,钉宫病特重病患者,617,2019-03-28 02:09:18
561,LClariS,616,2019-03-28 02:09:11
562,Haibala灰原哀,615,2019-03-28 02:03:39
563,在下明推,614,2019-03-28 01:58:52
564,杏夏病患,613,2019-03-28 01:55:46
565,永恒之蔚,612,2019-03-28 01:39:20
566,尘归尘です,611,2019-03-28 01:34:33
567,守护全世界最好的奈奈,610,2019-03-28 01:31:47
568,由乃呵,609,2019-03-28 01:29:07
569,sinsanction,608,2019-03-28 01:20:47
570,莫得感情的黑鸭,607,2019-03-28 01:16:18
571,玖柒柒柒柒i,606,2019-03-28 01:07:52
572,伍柒喲,605,2019-03-28 00:57:20
573,Destiny1997,604,2019-03-28 00:48:48
574,MaxM仔,603,2019-03-28 00:48:20
575,茉子真可爱,602,2019-03-28 00:45:46
576,牛奶是好东西,601,2019-03-28 00:34:49
577,艾米莉亚的痛,600,2019-03-28 00:27:10
578,bibi的说,599,2019-03-28 00:23:59
579,老男孩流金,598,2019-03-28 00:20:20
580,天海新,597,2019-03-28 00:18:38
581,喜欢西瓜棒的鸣濑白羽,596,2019-03-28 00:14:14
582,惟其_just,595,2019-03-28 00:13:54
583,逐风ぃ落影,594,2019-03-28 00:07:00
584,南海酱233,593,2019-03-28 00:06:08
585,焚风焱灭,592,2019-03-28 00:02:48
586,梦前光゚,591,2019-03-28 00:00:47
587,Kel決意丶,590,2019-03-28 00:00:07
588,今天来点Miku吧,589,2019-03-27 23:58:58
589,半乄月,588,2019-03-27 23:55:29
590,土御门玄逆,587,2019-03-27 23:52:50
591,Blajd,586,2019-03-27 23:48:02
592,开花の仙桃蛤蟆,585,2019-03-27 23:44:41
593,还不错的KK,584,2019-03-27 23:42:33
594,GlobeFish,583,2019-03-27 23:40:31
595,弑主,582,2019-03-27 23:38:34
596,超高校级の最原终一,581,2019-03-27 23:36:25
597,学院舰,580,2019-03-27 23:34:47
598,橋ルノ,579,2019-03-27 23:33:39
599,十六夜浅,578,2019-03-27 23:28:34
600,星莲Lotus,577,2019-03-27 23:28:11
601,藍冥Kyrielight,576,2019-03-27 23:22:53
602,信长さん,575,2019-03-27 23:21:55
603,彼岸之念,574,2019-03-27 23:20:32
604,擀面条,573,2019-03-27 23:16:50
605,天子单推アキ,572,2019-03-27 23:15:39
606,小林同学bili,571,2019-03-27 23:14:26
607,Astraia,570,2019-03-27 23:12:36
608,yaioul,569,2019-03-27 23:07:51
609,大神vl,568,2019-03-27 23:07:42
610,结城友奈是GEED,567,2019-03-27 23:07:01
611,金色之谙,566,2019-03-27 23:06:15
612,紫鲟咕咕咕,565,2019-03-27 23:06:08
613,-ときさきくるみ-,564,2019-03-27 23:03:24
614,未来的de心,563,2019-03-27 23:03:19
615,无法谂,562,2019-03-27 22:52:36
616,施主莫強求,561,2019-03-27 22:49:50
617,orrfan,560,2019-03-27 22:46:28
618,渡边纯一辙,559,2019-03-27 22:44:45
619,水晶蜻蜓梦,558,2019-03-27 22:43:32
620,野良M,557,2019-03-27 22:42:47
621,落音幻奏,556,2019-03-27 22:40:03
622,柯南の光环,555,2019-03-27 22:39:00
623,一共多少续,554,2019-03-27 22:37:59
624,24K包黑炭,553,2019-03-27 22:34:05
625,信长さん,552,2019-03-27 22:29:36
626,Yuugure-Yuu,551,2019-03-27 22:28:50
627,浴火重生ak,550,2019-03-27 22:27:49
628,白鸟不染于天,549,2019-03-27 22:25:54
629,Tansfried,548,2019-03-27 22:25:46
630,来生想做猫,547,2019-03-27 22:25:06
631,地上最強の美少年,546,2019-03-27 22:22:05
632,Yuugure-Yuu,545,2019-03-27 22:16:49
633,是一个灰常玄学的sama,544,2019-03-27 22:12:15
634,华哥官方,543,2019-03-27 22:06:25
635,马桶水怪0v0,542,2019-03-27 22:02:57
636,Lost_Star,541,2019-03-27 22:01:08
637,纪势莉子,540,2019-03-27 21:56:13
638,虚无白溟,539,2019-03-27 21:55:34
639,折木奉太喵,538,2019-03-27 21:54:22
640,Pantsurin,537,2019-03-27 21:54:14
641,玲奈rin,536,2019-03-27 21:52:28
642,人才箘,535,2019-03-27 21:51:56
643,经费战神杰诺斯,534,2019-03-27 21:51:21
644,风遥逝水,533,2019-03-27 21:50:12
645,Q冷W漠Q,532,2019-03-27 21:45:26
646,iPixelOldC,530,2019-03-27 21:43:22
647,博丽灵梦的梦想,529,2019-03-27 21:42:13
648,仰望夜空,528,2019-03-27 21:41:51
649,薫風的交信,527,2019-03-27 21:37:39
650,爬行喵,526,2019-03-27 21:35:51
651,一方通行69,525,2019-03-27 21:35:26
652,紬温达斯,524,2019-03-27 21:33:16
653,破碎灬梦,523,2019-03-27 21:28:38
654,此岸琉璃,522,2019-03-27 21:28:18
655,一只喵迷了个路,521,2019-03-27 21:26:38
656,千寻一生至爱,520,2019-03-27 21:21:39
657,发条魔灵191,519,2019-03-27 21:18:23
658,F1am0,518,2019-03-27 21:17:53
659,小鳥居夕花,517,2019-03-27 21:17:09
660,西云山晚禾,516,2019-03-27 21:17:08
661,晴菜花Rinne,515,2019-03-27 21:16:46
662,姜姜QAQ,514,2019-03-27 21:14:05
663,西云山晚禾,513,2019-03-27 21:14:05
664,饶舌的诸葛,512,2019-03-27 21:14:04
665,霖枫秋叶,511,2019-03-27 21:13:02
666,姜姜QAQ,510,2019-03-27 21:12:03
667,_snowydays_,509,2019-03-27 21:11:21
668,川澄乱舞,508,2019-03-27 21:11:06
669,雪葉Yuki,507,2019-03-27 21:10:58
670,空白76,506,2019-03-27 21:08:29
671,芮宝w,505,2019-03-27 21:07:14
672,樱-小路露娜,504,2019-03-27 21:07:07
673,魔導巧殻アル,503,2019-03-27 20:57:38
674,狂暴辣鱼子,502,2019-03-27 20:52:27
675,ruriosiki,501,2019-03-27 20:51:43
676,九木條子♥愛海,500,2019-03-27 20:49:46
677,Zhang_RQ,499,2019-03-27 20:46:56
678,喵不在线,498,2019-03-27 20:46:41
679,唇边的音符,497,2019-03-27 20:44:50
680,TimXss,496,2019-03-27 20:41:13
681,社保管理局局长,495,2019-03-27 20:39:45
682,白鹰r2yw,494,2019-03-27 20:39:38
683,交换空白,493,2019-03-27 20:37:05
684,喵党并狠拍了汪党屁屁,492,2019-03-27 20:35:25
685,天外孤鸿,491,2019-03-27 20:29:30
686,懒癌晚期的奈伊,490,2019-03-27 20:27:59
687,阿阮～,489,2019-03-27 20:27:47
688,晨曦慧莹,488,2019-03-27 20:26:34
689,God__ie,487,2019-03-27 20:26:33
690,nagisa13,486,2019-03-27 20:23:11
691,柠檬再萌也没我萌,485,2019-03-27 20:21:33
692,道歉书书,484,2019-03-27 20:16:01
693,暗中观察的DD,483,2019-03-27 20:14:04
694,赤之岚,482,2019-03-27 20:10:13
695,呆唯灬suki,481,2019-03-27 20:06:29
696,少羽之志,480,2019-03-27 20:06:25
697,水色梦幻,479,2019-03-27 20:06:03
698,泡沫の羽,478,2019-03-27 20:05:58
699,朝色起际线,477,2019-03-27 20:02:34
700,牢不可破的夏色吹雪,476,2019-03-27 20:01:56
701,千界刹那,475,2019-03-27 20:01:07
702,冬冬冬fy,474,2019-03-27 19:58:57
703,雪乃结衣,473,2019-03-27 19:55:57
704,エド-フェニックス,472,2019-03-27 19:55:05
705,シロノ,471,2019-03-27 19:51:13
706,ElcFox,470,2019-03-27 19:49:44
707,春哥教大主教,469,2019-03-27 19:48:26
708,春哥教大主教,468,2019-03-27 19:46:43
709,SugimotoKuro,467,2019-03-27 19:45:31
710,流年等千夜,466,2019-03-27 19:44:23
711,喜欢喝咖啡的德国骨科,465,2019-03-27 19:41:43
712,財布宝宝,464,2019-03-27 19:41:33
713,风是葬,463,2019-03-27 19:37:55
714,高坂诗音,462,2019-03-27 19:37:05
715,天海杏,461,2019-03-27 19:36:49
716,草莓布丁のmiki,460,2019-03-27 19:34:46
717,哩哔哩哔如例,459,2019-03-27 19:32:09
718,夜の辰,458,2019-03-27 19:30:15
719,雪菜之歌,457,2019-03-27 19:29:32
720,冰羽kotor,456,2019-03-27 19:28:28
721,丿偶不坏丶,455,2019-03-27 19:28:00
722,怒刷存在的动次打次,454,2019-03-27 19:26:49
723,Satanaid,453,2019-03-27 19:26:00
724,apelov,452,2019-03-27 19:25:22
725,陣王屈陽,451,2019-03-27 19:24:53
726,幻想乡的天迹,450,2019-03-27 19:24:06
727,珂朵莉ペ,449,2019-03-27 19:23:57
728,fendilu,448,2019-03-27 19:22:53
729,万和路,447,2019-03-27 19:22:19
730,红茶か,446,2019-03-27 19:20:21
731,しゅうしんあふ,445,2019-03-27 19:16:13
732,微言止戈,444,2019-03-27 19:15:25
733,伊利丹的艾辛诺斯战刃,442,2019-03-27 19:12:39
734,Crazy_CD,441,2019-03-27 19:10:32
735,Tsukass,440,2019-03-27 19:08:36
736,微风清凉123,439,2019-03-27 19:08:21
737,玛戈特罗伊德,438,2019-03-27 19:07:42
738,Roi_Soleil,437,2019-03-27 19:07:37
739,山上人为仙,436,2019-03-27 19:06:43
740,YoMisai丶,435,2019-03-27 19:05:57
741,紅尘不紅,434,2019-03-27 19:05:42
742,由依笨喵,433,2019-03-27 19:03:56
743,咖喱0w0,432,2019-03-27 19:02:49
744,兮归雁,431,2019-03-27 19:02:21
745,若荼泱,430,2019-03-27 19:00:48
746,自古拆腻子爱白毛,429,2019-03-27 19:00:31
747,论死鱼的炼成方法,428,2019-03-27 18:58:03
748,f2hao,427,2019-03-27 18:57:11
749,CAD霜色,426,2019-03-27 18:55:54
750,柯勒君,425,2019-03-27 18:54:05
751,mang茫茫求知者,424,2019-03-27 18:53:57
752,Pois未,423,2019-03-27 18:53:54
753,失了位的国王,422,2019-03-27 18:53:51
754,这些orz,421,2019-03-27 18:53:29
755,榭雨楼台,420,2019-03-27 18:52:43
756,米欧花,419,2019-03-27 18:51:46
757,有事打电话号码110,418,2019-03-27 18:51:36
758,莯玙风,417,2019-03-27 18:49:46
759,想取的都没了,416,2019-03-27 18:49:18
760,空月依云,415,2019-03-27 18:47:45
761,光明记者,414,2019-03-27 18:47:13
762,西远白雪,413,2019-03-27 18:45:47
763,伊丽莎白白不白,412,2019-03-27 18:45:18
764,天王寺瑚太朗,411,2019-03-27 18:44:45
765,茱雀ノ怜壱,410,2019-03-27 18:44:25
766,卡傑_Eu12,409,2019-03-27 18:44:06
767,白组豆腐果冻,408,2019-03-27 18:43:14
768,DYSCIKIKAN,407,2019-03-27 18:43:02
769,lasdli,406,2019-03-27 18:42:24
770,山田广幸,405,2019-03-27 18:40:03
771,空門蒼ちゃん,404,2019-03-27 18:38:27
772,是克丽丝的错,403,2019-03-27 18:38:26
773,黑色kuma,402,2019-03-27 18:37:52
774,emarth,401,2019-03-27 18:37:20
775,Clear8Sky,400,2019-03-27 18:37:16
776,theConann,399,2019-03-27 18:37:12
777,霜雪舞天,398,2019-03-27 18:37:09
778,天行Zodiac,397,2019-03-27 18:36:27
779,あらた新菌,396,2019-03-27 18:34:29
780,KudWafter_,395,2019-03-27 18:33:20
781,Rayhugh·丄·囨破,394,2019-03-27 18:33:05
782,羽林木风,393,2019-03-27 18:30:13
783,摄魂归,392,2019-03-27 18:29:24
784,Dream_Fever,390,2019-03-27 18:26:42
785,我是万事达,389,2019-03-27 18:26:11
786,有个人想法的手,388,2019-03-27 18:25:55
787,水濑一介,387,2019-03-27 18:24:44
788,米思芝,386,2019-03-27 18:24:00
789,记得那年的背影,385,2019-03-27 18:22:39
790,奶茶不再香,384,2019-03-27 18:22:28
791,汐丶落叶,383,2019-03-27 18:21:41
792,星空vb,382,2019-03-27 18:21:26
793,御宅归家部,381,2019-03-27 18:21:17
794,云心雾语,380,2019-03-27 18:20:34
795,アビゲイルの小熊,379,2019-03-27 18:20:23
796,夜静如水,378,2019-03-27 18:18:32
797,儒雅随和的B大酱,377,2019-03-27 18:17:59
798,落忆归枫,376,2019-03-27 18:17:58
799,天野聪美,375,2019-03-27 18:16:23
800,局势卡卡地,374,2019-03-27 18:14:36
801,新世界のキラ,373,2019-03-27 18:14:33
802,正在卖萌的小奏,372,2019-03-27 18:13:08
803,O油漆O,371,2019-03-27 18:11:46
804,karenい,370,2019-03-27 18:11:06
805,星了个龙,369,2019-03-27 18:10:53
806,Minato55,368,2019-03-27 18:09:45
807,有你在丶心安,367,2019-03-27 18:08:05
808,不会秒人的狮子酱,366,2019-03-27 18:06:08
809,空明幻虚,365,2019-03-27 18:05:48
810,努力的出云酱,364,2019-03-27 18:03:11
811,神探夏洛克-卷福,363,2019-03-27 18:02:15
812,我永远喜欢柚子社,362,2019-03-27 18:01:45
813,imaho,361,2019-03-27 18:01:11
814,xiaowoross,360,2019-03-27 18:00:58
815,Storias,359,2019-03-27 18:00:53
816,スーパー北上さま,358,2019-03-27 18:00:51
817,妹控不是hentai,357,2019-03-27 18:00:40
818,改个名字试试欧气,356,2019-03-27 17:59:46
819,黑雪之翼,355,2019-03-27 17:58:00
820,Kanbe-Kotori,354,2019-03-27 17:57:14
821,亚利艾尔,353,2019-03-27 17:56:41
822,StyhHelx,352,2019-03-27 17:55:57
823,狐狸搓搓乐,351,2019-03-27 17:55:56
824,一只藏香猪じ,350,2019-03-27 17:54:55
825,anutic,349,2019-03-27 17:53:15
826,firedt,348,2019-03-27 17:51:02
827,贪阑_,347,2019-03-27 17:47:00
828,44x55,346,2019-03-27 17:46:43
829,一纸折鸢,345,2019-03-27 17:44:07
830,崇祯帝四赞歌,344,2019-03-27 17:42:17
831,看番の劉備,343,2019-03-27 17:41:34
832,来自回忆的约定,342,2019-03-27 17:40:56
833,我永远喜欢空门苍jpg,341,2019-03-27 17:38:49
834,尘埃project,340,2019-03-27 17:38:06
835,Strrave_F,339,2019-03-27 17:35:34
836,roundless,338,2019-03-27 17:35:29
837,雨花丶雨花哟,337,2019-03-27 17:35:09
838,憨人丶Ashin,336,2019-03-27 17:34:27
839,夕wing,335,2019-03-27 17:32:24
840,幻云游,334,2019-03-27 17:32:15
841,腐冬的逆袭,333,2019-03-27 17:26:14
842,彌与生,332,2019-03-27 17:23:13
843,直言不讳,331,2019-03-27 17:23:11
844,小明复制体25,330,2019-03-27 17:23:07
845,正在摸鱼的33,329,2019-03-27 17:23:04
846,龙爷1988,328,2019-03-27 17:22:38
847,tingの叶言桂,327,2019-03-27 17:21:21
848,咸鱼的人生是咸咸的,326,2019-03-27 17:20:58
849,幻戲世界,325,2019-03-27 17:20:09
850,spine0v0,324,2019-03-27 17:19:32
851,枫柚月,323,2019-03-27 17:17:34
852,阿龙那斯,322,2019-03-27 17:16:52
853,HJQ丶Miku,321,2019-03-27 17:16:19
854,洋洋王子0228,320,2019-03-27 17:15:27
855,从零开始pyy,319,2019-03-27 17:15:03
856,ShiMataToshi,318,2019-03-27 17:14:28
857,Talk_ra,317,2019-03-27 17:13:03
858,炽色蒂朵,316,2019-03-27 17:12:11
859,喝醉的捕鲸者,315,2019-03-27 17:10:40
860,失踪人士云YUN,314,2019-03-27 17:09:19
861,marshero2,313,2019-03-27 17:08:38
862,酷橘の月影relife,312,2019-03-27 17:07:44
863,夜下哦,311,2019-03-27 17:07:27
864,mcxiaopi,310,2019-03-27 17:05:32
865,杰克o可乐,309,2019-03-27 17:04:42
866,三鹿有基奶,308,2019-03-27 17:03:06
867,这个番可以的,307,2019-03-27 17:02:22
868,松本文紀,306,2019-03-27 17:00:38
869,Meiann明暗无辙,304,2019-03-27 16:58:21
870,やまうちさくら,303,2019-03-27 16:58:18
871,雷霆崖下喜多村,302,2019-03-27 16:57:31
872,Kuriyuha,301,2019-03-27 16:57:02
873,BlueReflection,300,2019-03-27 16:56:38
874,篍漃Setvaern,299,2019-03-27 16:55:51
875,我温柔的露娜大人啊,298,2019-03-27 16:52:19
876,龙雨轩,297,2019-03-27 16:51:36
877,源氏开大上最佳,296,2019-03-27 16:50:27
878,俺アニメ好き,295,2019-03-27 16:50:24
879,SHINO黑魂,294,2019-03-27 16:49:06
880,改名字会中奖的呦,293,2019-03-27 16:48:36
881,星奏sena,292,2019-03-27 16:48:33
882,千添如鸢,291,2019-03-27 16:48:25
883,鷺澤有里栖,290,2019-03-27 16:46:44
884,猫耳の稀神探女,289,2019-03-27 16:46:35
885,记忆在离线,288,2019-03-27 16:46:18
886,煌黑银火,287,2019-03-27 16:44:39
887,集罪恶于一身,286,2019-03-27 16:43:50
888,Derasin,285,2019-03-27 16:42:40
889,暗花落淡然,284,2019-03-27 16:41:54
890,爆撃指令,283,2019-03-27 16:41:45
891,悲伤のSakura,282,2019-03-27 16:40:59
892,彼方丶杏,281,2019-03-27 16:39:22
893,中二ii,280,2019-03-27 16:39:20
894,黑曜石の沉眸,279,2019-03-27 16:39:00
895,零食小店,278,2019-03-27 16:38:39
896,tap957,277,2019-03-27 16:37:59
897,永远的江户川,276,2019-03-27 16:36:59
898,小琴叶Official,275,2019-03-27 16:35:22
899,白鳥の詩,274,2019-03-27 16:35:05
900,工藤八幡,273,2019-03-27 16:33:23
901,塔诺sama,272,2019-03-27 16:31:11
902,库洛大交叉,271,2019-03-27 16:30:45
903,381毫米制式驱逐舰主炮,270,2019-03-27 16:30:01
904,Virtorique,269,2019-03-27 16:28:24
905,Yuugure-Yuu,268,2019-03-27 16:26:35
906,二氧化氮有毒,267,2019-03-27 16:26:32
907,幻或梦,266,2019-03-27 16:26:16
908,Yuugure-Yuu,265,2019-03-27 16:25:07
909,黑色的_白兔子,264,2019-03-27 16:24:46
910,天文密葬法,263,2019-03-27 16:24:06
911,纸片人大好き,262,2019-03-27 16:23:41
912,挥霍爱珂朵莉,261,2019-03-27 16:22:16
913,恶心的死宅233,260,2019-03-27 16:22:12
914,寂_星灿,259,2019-03-27 16:21:05
915,夏夜丶夜夜夜,258,2019-03-27 16:20:50
916,失敗した,257,2019-03-27 16:20:34
917,没爱的远远,256,2019-03-27 16:20:06
918,悲剧携带者,255,2019-03-27 16:20:04
919,老椒啥都不会,254,2019-03-27 16:19:17
920,雏柒钰,253,2019-03-27 16:18:49
921,楠原ゆぃ,252,2019-03-27 16:18:08
922,雪落风铃,251,2019-03-27 16:17:56
923,MN-橘子皮,250,2019-03-27 16:16:57
924,贝露贝露贝,249,2019-03-27 16:15:43
925,名為海未の世界,248,2019-03-27 16:14:01
926,七海奏-,247,2019-03-27 16:12:31
927,真红蓝青空,246,2019-03-27 16:12:24
928,要しおり,245,2019-03-27 16:11:45
929,刹那セツナ,244,2019-03-27 16:10:59
930,新星Ayumu,243,2019-03-27 16:09:34
931,消失の小羊,242,2019-03-27 16:09:04
932,一般通过狗妈单推人,241,2019-03-27 16:08:19
933,不可证伪,240,2019-03-27 16:07:44
934,冰晶之国的公主,239,2019-03-27 16:07:28
935,名為海未の世界,238,2019-03-27 16:06:42
936,丝弦气喘,237,2019-03-27 16:06:16
937,Kevin-,236,2019-03-27 16:05:32
938,口死亡之翼口,235,2019-03-27 16:04:45
939,风极无制,234,2019-03-27 16:04:04
940,剑丶穹,233,2019-03-27 16:03:38
941,油菜,232,2019-03-27 16:01:55
942,未来的往事,231,2019-03-27 16:01:26
943,宇智波の月读,230,2019-03-27 16:01:21
944,心の恋の巫女,229,2019-03-27 16:01:11
945,矢三郎家的海星酱,228,2019-03-27 16:01:04
946,sollycat,227,2019-03-27 16:00:48
947,殉回仙梦,226,2019-03-27 16:00:44
948,众星为尘,225,2019-03-27 16:00:19
949,夏夜丶夜夜夜,224,2019-03-27 15:59:44
950,青涧1,223,2019-03-27 15:57:49
951,未来的往事,222,2019-03-27 15:57:21
952,夕华酱,221,2019-03-27 15:57:16
953,尘缘恋风,220,2019-03-27 15:57:12
954,阿特拉蒂奥,219,2019-03-27 15:56:54
955,念其依嫣,218,2019-03-27 15:56:35
956,隨心随意,217,2019-03-27 15:55:42
957,Bili男神1号,216,2019-03-27 15:55:35
958,森园穗乃雪,215,2019-03-27 15:54:11
959,アルモニカ,214,2019-03-27 15:53:52
960,鸟白岛炒饭厨,213,2019-03-27 15:53:51
961,僕の思い出,212,2019-03-27 15:53:11
962,苏荔呀啊呀,211,2019-03-27 15:51:29
963,成长式90后,210,2019-03-27 15:51:14
964,魏志军,209,2019-03-27 15:49:36
965,丶时光机,208,2019-03-27 15:48:51
966,简单快乐呢,207,2019-03-27 15:48:48
967,我如天翼,206,2019-03-27 15:48:29
968,秽迹ゞ卡巴拉之树,205,2019-03-27 15:48:22
969,请原谅我吧,204,2019-03-27 15:47:52
970,Zeit001,203,2019-03-27 15:47:07
971,Kazaria,202,2019-03-27 15:46:58
972,炎末之寒、,201,2019-03-27 15:46:40
973,写左丶画右,200,2019-03-27 15:45:10
974,神鳴澤の世界,199,2019-03-27 15:44:18
975,无限の翼xyc,198,2019-03-27 15:43:43
976,炭烧秋刀驴,197,2019-03-27 15:43:32
977,深海里的尘埃,196,2019-03-27 15:43:15
978,烤伯劳鸟,195,2019-03-27 15:42:37
979,桐崎哲,194,2019-03-27 15:41:10
980,膜法烧酒依莉雅,193,2019-03-27 15:40:56
981,星-冰河,192,2019-03-27 15:40:41
982,赤之岚,191,2019-03-27 15:40:34
983,紫の间隙,190,2019-03-27 15:40:01
984,pigeon-forever,189,2019-03-27 15:39:07
985,塔诺sama,188,2019-03-27 15:39:03
986,StuartRiki_KeyTV,187,2019-03-27 15:39:02
987,夜空的礼物,186,2019-03-27 15:38:17
988,优克莉伍德・海尔赛兹,185,2019-03-27 15:38:08
989,真红蓝青空,183,2019-03-27 15:37:33
990,我永远喜欢-saltyfish,182,2019-03-27 15:37:31
991,丿小乖丶,181,2019-03-27 15:36:12
992,mhsymzq,180,2019-03-27 15:35:06
993,半夏霺凉,179,2019-03-27 15:33:29
994,易吟·,178,2019-03-27 15:33:19
995,empty龙,177,2019-03-27 15:32:55
996,シサクの芽,176,2019-03-27 15:32:01
997,不务正业某虐,175,2019-03-27 15:30:48
998,大鸟咲夜,174,2019-03-27 15:30:31
999,海洋之声,173,2019-03-27 15:30:03
1000,Hanavi,172,2019-03-27 15:29:06
1001,神楽ほむら,171,2019-03-27 15:28:21
1002,建国后成精的蘑菇君,170,2019-03-27 15:27:59
1003,yzyhyt,169,2019-03-27 15:27:27
1004,NYSQ,168,2019-03-27 15:26:45
1005,落幕的光,167,2019-03-27 15:26:35
1006,初酱是姐姐大人,166,2019-03-27 15:26:29
1007,沂水儿,165,2019-03-27 15:26:13
1008,巫女组赛高,164,2019-03-27 15:25:41
1009,吟游诗人-拉姆,163,2019-03-27 15:25:28
1010,凉风春夏,162,2019-03-27 15:25:09
1011,桐谷砂羽,161,2019-03-27 15:23:49
1012,qq137424515,160,2019-03-27 15:23:17
1013,Erwin_Haneru,159,2019-03-27 15:23:16
1014,姑凉如梦,158,2019-03-27 15:22:51
1015,伝説の少女,157,2019-03-27 15:22:23
1016,春风扫过的痕迹,156,2019-03-27 15:22:19
1017,寂水之冰,155,2019-03-27 15:19:59
1018,Deepast,154,2019-03-27 15:19:13
1019,宫永咲zz,153,2019-03-27 15:19:11
1020,逍遥逆仙,152,2019-03-27 15:18:54
1021,西斯尼亚,151,2019-03-27 15:18:07
1022,jaycjy,150,2019-03-27 15:18:02
1023,-MitoMashiro-,149,2019-03-27 15:16:47
1024,鹰原白羽,148,2019-03-27 15:15:56
1025,伝説の少女,147,2019-03-27 15:15:56
1026,Leon1102,145,2019-03-27 15:14:42
1027,我也要加把劲了,144,2019-03-27 15:14:30
1028,Yuugure-Yuu,143,2019-03-27 15:13:37
1029,霧雨萌嵐,142,2019-03-27 15:12:07
1030,双子水瓶座,141,2019-03-27 15:12:04
1031,jojoooyy,140,2019-03-27 15:11:46
1032,萌萌哒空格菌,139,2019-03-27 15:11:27
1033,hkSA,138,2019-03-27 15:11:18
1034,CThunnnn,136,2019-03-27 15:10:25
1035,腐烂莫离,135,2019-03-27 15:10:23
1036,音雪の雪,134,2019-03-27 15:09:53
1037,新星Ayumu,133,2019-03-27 15:09:21
1038,深海V,132,2019-03-27 15:09:19
1039,呆滞的面包,131,2019-03-27 15:09:08
1040,我的生存意義,130,2019-03-27 15:08:39
1041,a6197998,129,2019-03-27 15:08:25
1042,改名不可能中,128,2019-03-27 15:06:43
1043,七大罪channel,127,2019-03-27 15:06:29
1044,请叫我小零,126,2019-03-27 15:06:22
1045,弑天封文,125,2019-03-27 15:05:45
1046,Suzakuin_Tsubaki,124,2019-03-27 15:05:30
1047,浔畔の桜,123,2019-03-27 15:05:15
1048,可怜队长死的早,122,2019-03-27 15:05:12
1049,DilonGamond,121,2019-03-27 15:04:41
1050,丶喜闻乐见丶,119,2019-03-27 15:03:27
1051,SEA余,118,2019-03-27 15:03:09
1052,zhaikey,117,2019-03-27 15:02:24
1053,冷色系的一抹暖色调,116,2019-03-27 15:02:18
1054,极点灬,115,2019-03-27 15:02:17
1055,宇宙豹,114,2019-03-27 15:02:00
1056,闇夜の天書,113,2019-03-27 15:01:51
1057,结城凌歆,112,2019-03-27 15:01:30
1058,我仅仅只是想当个智障,111,2019-03-27 15:00:58
1059,Stephenwolf,110,2019-03-27 15:00:41
1060,森园穗乃雪,109,2019-03-27 15:00:25
1061,迷离暗夜,108,2019-03-27 15:00:10
1062,胶水与番茄酱,106,2019-03-27 14:59:58
1063,好事轮不到,104,2019-03-27 14:58:54
1064,硫酸钡式量233,103,2019-03-27 14:58:34
1065,废桥,102,2019-03-27 14:58:26
1066,赫萝不更新cl,101,2019-03-27 14:58:15
1067,樱红真流,100,2019-03-27 14:58:00
1068,小纱几,98,2019-03-27 14:57:33
1069,日向彼方ぃ,97,2019-03-27 14:57:15
1070,Sky_kis,96,2019-03-27 14:56:21
1071,1006狼孩,94,2019-03-27 14:55:29
1072,ZteveF,93,2019-03-27 14:54:51
1073,茗子铭,92,2019-03-27 14:54:43
1074,哈拉雷,91,2019-03-27 14:54:42
1075,晓lady,90,2019-03-27 14:54:14
1076,Shiiho_11,89,2019-03-27 14:53:17
1077,怕热的猫,88,2019-03-27 14:52:05
1078,塞利卡路西菲尔,87,2019-03-27 14:52:05
1079,天人心,86,2019-03-27 14:51:23
1080,最帅的painful,85,2019-03-27 14:51:18
1081,矮乐多的养乐多,84,2019-03-27 14:51:09
1082,Lowkey丶丶,83,2019-03-27 14:51:05
1083,冷静の影袭,82,2019-03-27 14:50:48
1084,飘若云影,81,2019-03-27 14:50:40
1085,南华李,80,2019-03-27 14:50:31
1086,神户橘猫,79,2019-03-27 14:50:24
1087,Delta13,78,2019-03-27 14:50:09
1088,离开青空去往星海,77,2019-03-27 14:50:06
1089,碎の月,76,2019-03-27 14:49:53
1090,木桓木,75,2019-03-27 14:49:38
1091,姆Qの夏休み,74,2019-03-27 14:49:31
1092,马猴绍酒,73,2019-03-27 14:48:37
1093,島村月白,72,2019-03-27 14:48:27
1094,结弦·奏,71,2019-03-27 14:48:12
1095,待笑XD,70,2019-03-27 14:47:17
1096,l无极l,69,2019-03-27 14:46:52
1097,萌萌哒的东山,68,2019-03-27 14:46:08
1098,炎某人的复读机,67,2019-03-27 14:45:59
1099,寻蝶的空门苍,66,2019-03-27 14:45:58
1100,快逃啊,65,2019-03-27 14:45:42
1101,令和DD,64,2019-03-27 14:45:42
1102,fnpc,63,2019-03-27 14:45:07
1103,赫萝不更新cl,62,2019-03-27 14:44:42
1104,白上フブキの保护协会,61,2019-03-27 14:44:38
1105,小嘴抹蜜赤井心,60,2019-03-27 14:44:31
1106,Amadeus_zz,59,2019-03-27 14:44:26
1107,绫风,58,2019-03-27 14:44:02
1108,小小春的微笑,57,2019-03-27 14:43:39
1109,咸鱼银枫,56,2019-03-27 14:43:37
1110,堀绘reo,55,2019-03-27 14:43:31
1111,Kszora,54,2019-03-27 14:42:48
1112,HongMingzzz,53,2019-03-27 14:42:45
1113,师走月党人,52,2019-03-27 14:42:43
1114,猫耳泄矢诹访子,51,2019-03-27 14:42:31
1115,樱染真红,50,2019-03-27 14:42:21
1116,废桥,49,2019-03-27 14:42:00
1117,Tazee,48,2019-03-27 14:41:41
1118,天使の恋曲,47,2019-03-27 14:41:35
1119,小小春的微笑,46,2019-03-27 14:40:56
1120,结弦·奏,45,2019-03-27 14:40:38
1121,我永远喜欢草莓,44,2019-03-27 14:40:32
1122,伝説の少女,43,2019-03-27 14:40:32
1123,KiritoのRoy,42,2019-03-27 14:40:27
1124,神奇的神启,41,2019-03-27 14:39:15
1125,Harukiなぁ,40,2019-03-27 14:38:33
1126,百合老十五,39,2019-03-27 14:38:23
1127,UsagikoMkIII,38,2019-03-27 14:38:21
1128,Hachi桑_,37,2019-03-27 14:38:16
1129,竜膽尊,36,2019-03-27 14:38:14
1130,ユメサキヒカリ,35,2019-03-27 14:38:12
1131,奈叶and菲特,34,2019-03-27 14:37:52
1132,京绫Aya,33,2019-03-27 14:37:35
1133,桐山零丶秋山澪,32,2019-03-27 14:37:35
1134,聖元之初,31,2019-03-27 14:37:28
1135,格里芬合金鼻梁骨,30,2019-03-27 14:37:20
1136,o慢慢o,29,2019-03-27 14:36:56
1137,不打工的魔王G,28,2019-03-27 14:36:34
1138,新星Ayumu,27,2019-03-27 14:35:21
1139,EX15T,26,2019-03-27 14:34:34
1140,骚话师傅咲太Official,25,2019-03-27 14:34:13
1141,宫内莲华Official,24,2019-03-27 14:33:54
1142,汐渚彼道,23,2019-03-27 14:33:53
1143,慢悠悠团子,22,2019-03-27 14:33:48
1144,活的传奇gwq,21,2019-03-27 14:33:43
1145,Loneyor,20,2019-03-27 14:33:25
1146,Nekopata,19,2019-03-27 14:33:22
1147,流年垚,18,2019-03-27 14:33:21
1148,狂気の猴嗷银Q麻,16,2019-03-27 14:32:52
1149,鹿野上yuuma,15,2019-03-27 14:32:52
1150,はかない桜,14,2019-03-27 14:32:48
1151,青織,13,2019-03-27 14:32:38
1152,ANi-Jun,12,2019-03-27 14:32:31
1153,衛峰人,11,2019-03-27 14:32:30
1154,二阶堂栞月,10,2019-03-27 14:32:15
1155,ex15t3nc3,9,2019-03-27 14:32:14
1156,MEMproject,8,2019-03-27 14:32:08
1157,小鸟游绫音,7,2019-03-27 14:31:48
1158,比那丶名居天子,6,2019-03-27 14:31:31
1159,我炮萌王还用吹,5,2019-03-27 14:31:13
1160,wsruozha,4,2019-03-27 14:31:00
1161,zxzxk,3,2019-03-27 14:30:47
1162,长濑黑子,2,2019-03-27 14:30:43
1163,堕落之夏,1,2019-03-27 14:30:29
