{
	"criteria": {
		"spider_eye": {
			"trigger": "minecraft:consume_item",
			"conditions": {
				"item": {
					"item": "minecraft:spider_eye"
				}
			}
		},
		"mutton": {
			"trigger": "minecraft:consume_item",
			"conditions": {
				"item": {
					"item": "minecraft:mutton"
				}
			}
		},
		"rabbit": {
			"trigger": "minecraft:consume_item",
			"conditions": {
				"item": {
					"item": "minecraft:rabbit"
				}
			}
		},
		"chicken": {
			"trigger": "minecraft:consume_item",
			"conditions": {
				"item": {
					"item": "minecraft:chicken"
				}
			}
		},
		"cod": {
			"trigger": "minecraft:consume_item",
			"conditions": {
				"item": {
					"item": "minecraft:cod"
				}
			}
		},
		"salmon": {
			"trigger": "minecraft:consume_item",
			"conditions": {
				"item": {
					"item": "minecraft:salmon"
				}
			}
		},
		"yeast_powder": {
			"trigger": "minecraft:consume_item",
			"conditions": {
				"item": {
					"nbt": "{id:'cpp:yeast_powder'}"
				}
			}
		},
		"cake_roll": {
			"trigger": "minecraft:consume_item",
			"conditions": {
				"item": {
					"nbt": "{id:'cpp:cake_roll'}"
				}
			}
		}
	},
	"requirements":[
		[
			"spider_eye",
			"mutton",
			"rabbit",
			"chicken",
			"cod",
			"salmon",
			"yeast_powder",
			"cake_roll"
		]
	],
	"rewards":{
		"function": "cpp:food/pos2"
	}
}