{
	"criteria": {
		"mossy_stone_brick_stairs": {
			"trigger": "minecraft:inventory_changed",
			"conditions": {
				"items": [
					{
						"item": "minecraft:mossy_stone_brick_stairs"
					}
				]
			}
		},
		"has_the_recipe": {
			"trigger": "minecraft:recipe_unlocked",
			"conditions": {
				"recipe": "cpp:stairs_to_block/mossy_stone_brick_stairs"
			}
		}
	},
	"rewards":{
		"recipes": ["cpp:stairs_to_block/mossy_stone_brick_stairs"]
	},
	"requirements": [
		[
			"mossy_stone_brick_stairs",
			"has_the_recipe"
		]
	]
}