{
	"pools": [
		{
			"rolls": 1,
			"entries": [
				{
					"type": "minecraft:alternatives",
					"children": [
						{
							"_comment": "煤粒",
							"conditions": [
								{
									"condition": "minecraft:location_check",
									"predicate": {
										"block": {
											"nbt": "{Items:[{id:'minecraft:charcoal'}]}"
										}
									}
								}
							],
							"type": "minecraft:loot_table",
							"name": "cpp:coal_nugget",
							"functions": [
								{
									"function": "minecraft:set_count",
									"count": 8
								}
							]
						},
						{
							"_comment": "煤粒",
							"conditions": [
								{
									"condition": "minecraft:location_check",
									"predicate": {
										"block": {
											"nbt": "{Items:[{id:'minecraft:coal'}]}"
										}
									}
								}
							],
							"type": "minecraft:loot_table",
							"name": "cpp:coal_nugget",
							"functions": [
								{
									"function": "minecraft:set_count",
									"count": 8
								}
							]
						},
						{
							"_comment": "月之碎片",
							"conditions": [
								{
									"condition": "minecraft:location_check",
									"predicate": {
										"block": {
											"nbt": "{Items:[{tag:{id:'cpp:moon_stone'}}]}"
										}
									}
								}
							],
							"type": "minecraft:loot_table",
							"name": "cpp:moon_shard",
							"functions": [
								{
									"function": "minecraft:set_count",
									"count": 9
								}
							]
						},
						{
							"_comment": "日之碎片",
							"conditions": [
								{
									"condition": "minecraft:location_check",
									"predicate": {
										"block": {
											"nbt": "{Items:[{tag:{id:'cpp:sun_stone'}}]}"
										}
									}
								}
							],
							"type": "minecraft:loot_table",
							"name": "cpp:sun_shard",
							"functions": [
								{
									"function": "minecraft:set_count",
									"count": 9
								}
							]
						},
						{
							"_comment": "花草种子",
							"conditions": [
								{
									"condition": "minecraft:location_check",
									"predicate": {
										"block": {
											"nbt": "{Items:[{tag:{id:'cpp:lycoris_radiata'}}]}"
										}
									}
								}
							],
							"type": "minecraft:loot_table",
							"name": "cpp:lycoris_radiata_seeds",
							"functions": [
								{
									"function": "minecraft:set_count",
									"count": 3
								}
							]
						},
						{
							"conditions": [
								{
									"condition": "minecraft:location_check",
									"predicate": {
										"block": {
											"nbt": "{Items:[{tag:{id:'cpp:trifolium'}}]}"
										}
									}
								}
							],
							"type": "minecraft:loot_table",
							"name": "cpp:trifolium_seeds",
							"functions": [
								{
									"function": "minecraft:set_count",
									"count": 3
								}
							]
						},
						{
							"conditions": [
								{
									"condition": "minecraft:location_check",
									"predicate": {
										"block": {
											"nbt": "{Items:[{tag:{id:'cpp:blackthorn'}}]}"
										}
									}
								}
							],
							"type": "minecraft:loot_table",
							"name": "cpp:blackthorn_seeds",
							"functions": [
								{
									"function": "minecraft:set_count",
									"count": 3
								}
							]
						},
						{
							"conditions": [
								{
									"condition": "minecraft:location_check",
									"predicate": {
										"block": {
											"nbt": "{Items:[{tag:{id:'cpp:cattail'}}]}"
										}
									}
								}
							],
							"type": "minecraft:loot_table",
							"name": "cpp:cattail_seeds",
							"functions": [
								{
									"function": "minecraft:set_count",
									"count": 3
								}
							]
						},
						{
							"conditions": [
								{
									"condition": "minecraft:location_check",
									"predicate": {
										"block": {
											"nbt": "{Items:[{tag:{id:'cpp:marigold'}}]}"
										}
									}
								}
							],
							"type": "minecraft:loot_table",
							"name": "cpp:marigold_seeds",
							"functions": [
								{
									"function": "minecraft:set_count",
									"count": 3
								}
							]
						},
						{
							"conditions": [
								{
									"condition": "minecraft:location_check",
									"predicate": {
										"block": {
											"nbt": "{Items:[{tag:{id:'cpp:hibiscus'}}]}"
										}
									}
								}
							],
							"type": "minecraft:loot_table",
							"name": "cpp:hibiscus_seeds",
							"functions": [
								{
									"function": "minecraft:set_count",
									"count": 3
								}
							]
						},
						{
							"conditions": [
								{
									"condition": "minecraft:location_check",
									"predicate": {
										"block": {
											"nbt": "{Items:[{tag:{id:'cpp:hyacinth'}}]}"
										}
									}
								}
							],
							"type": "minecraft:loot_table",
							"name": "cpp:hyacinth_seeds",
							"functions": [
								{
									"function": "minecraft:set_count",
									"count": 3
								}
							]
						},
						{
							"conditions": [
								{
									"condition": "minecraft:location_check",
									"predicate": {
										"block": {
											"nbt": "{Items:[{tag:{id:'cpp:calamus'}}]}"
										}
									}
								}
							],
							"type": "minecraft:loot_table",
							"name": "cpp:calamus_seeds",
							"functions": [
								{
									"function": "minecraft:set_count",
									"count": 3
								}
							]
						},
						{
							"conditions": [
								{
									"condition": "minecraft:location_check",
									"predicate": {
										"block": {
											"nbt": "{Items:[{tag:{id:'cpp:wild_lilium'}}]}"
										}
									}
								}
							],
							"type": "minecraft:loot_table",
							"name": "cpp:wild_lilium_seeds",
							"functions": [
								{
									"function": "minecraft:set_count",
									"count": 3
								}
							]
						},
						{
							"conditions": [
								{
									"condition": "minecraft:location_check",
									"predicate": {
										"block": {
											"nbt": "{Items:[{tag:{id:'cpp:bauhinia'}}]}"
										}
									}
								}
							],
							"type": "minecraft:loot_table",
							"name": "cpp:bauhinia_seeds",
							"functions": [
								{
									"function": "minecraft:set_count",
									"count": 3
								}
							]
						},
						{
							"conditions": [
								{
									"condition": "minecraft:location_check",
									"predicate": {
										"block": {
											"nbt": "{Items:[{tag:{id:'cpp:fluffy_grass'}}]}"
										}
									}
								}
							],
							"type": "minecraft:loot_table",
							"name": "cpp:fluffy_grass_seeds",
							"functions": [
								{
									"function": "minecraft:set_count",
									"count": 3
								}
							]
						},
						{
							"conditions": [
								{
									"condition": "minecraft:location_check",
									"predicate": {
										"block": {
											"nbt": "{Items:[{tag:{id:'cpp:gerbera'}}]}"
										}
									}
								}
							],
							"type": "minecraft:loot_table",
							"name": "cpp:gerbera_seeds",
							"functions": [
								{
									"function": "minecraft:set_count",
									"count": 3
								}
							]
						},
						{
							"conditions": [
								{
									"condition": "minecraft:location_check",
									"predicate": {
										"block": {
											"nbt": "{Items:[{tag:{id:'cpp:esparto'}}]}"
										}
									}
								}
							],
							"type": "minecraft:loot_table",
							"name": "cpp:esparto_seeds",
							"functions": [
								{
									"function": "minecraft:set_count",
									"count": 3
								}
							]
						},
						{
							"conditions": [
								{
									"condition": "minecraft:location_check",
									"predicate": {
										"block": {
											"nbt": "{Items:[{tag:{id:'cpp:glow_forsythia'}}]}"
										}
									}
								}
							],
							"type": "minecraft:loot_table",
							"name": "cpp:glow_forsythia_seeds",
							"functions": [
								{
									"function": "minecraft:set_count",
									"count": 3
								}
							]
						},
						{
							"conditions": [
								{
									"condition": "minecraft:location_check",
									"predicate": {
										"block": {
											"nbt": "{Items:[{tag:{id:'cpp:glazed_shade'}}]}"
										}
									}
								}
							],
							"type": "minecraft:loot_table",
							"name": "cpp:glazed_shade_seeds",
							"functions": [
								{
									"function": "minecraft:set_count",
									"count": 3
								}
							]
						},
						{
							"conditions": [
								{
									"condition": "minecraft:location_check",
									"predicate": {
										"block": {
											"nbt": "{Items:[{tag:{id:'cpp:stelera'}}]}"
										}
									}
								}
							],
							"type": "minecraft:loot_table",
							"name": "cpp:stelera_seeds",
							"functions": [
								{
									"function": "minecraft:set_count",
									"count": 3
								}
							]
						},
						{
							"conditions": [
								{
									"condition": "minecraft:location_check",
									"predicate": {
										"block": {
											"nbt": "{Items:[{tag:{id:'cpp:forage_crystal'}}]}"
										}
									}
								}
							],
							"type": "minecraft:loot_table",
							"name": "cpp:forage_crystal_seeds",
							"functions": [
								{
									"function": "minecraft:set_count",
									"count": 3
								}
							]
						},
						{
							"conditions": [
								{
									"condition": "minecraft:location_check",
									"predicate": {
										"block": {
											"nbt": "{Items:[{tag:{id:'cpp:isorchid'}}]}"
										}
									}
								}
							],
							"type": "minecraft:loot_table",
							"name": "cpp:isorchid_seeds",
							"functions": [
								{
									"function": "minecraft:set_count",
									"count": 3
								}
							]
						},
						{
							"conditions": [
								{
									"condition": "minecraft:location_check",
									"predicate": {
										"block": {
											"nbt": "{Items:[{tag:{id:'cpp:burning_chrysanthe'}}]}"
										}
									}
								}
							],
							"type": "minecraft:loot_table",
							"name": "cpp:burning_chrysanthe_seeds",
							"functions": [
								{
									"function": "minecraft:set_count",
									"count": 3
								}
							]
						},
						{
							"conditions": [
								{
									"condition": "minecraft:location_check",
									"predicate": {
										"block": {
											"nbt": "{Items:[{tag:{id:'cpp:oxalis'}}]}"
										}
									}
								}
							],
							"type": "minecraft:loot_table",
							"name": "cpp:oxalis_seeds",
							"functions": [
								{
									"function": "minecraft:set_count",
									"count": 3
								}
							]
						}
					]
				}
			]
		}
	]
}