{
	"pools": [
		{
			"rolls": 1,
			"entries": [
				{
					"type": "minecraft:alternatives",
					"children": [
						{
							"_comment": "紧身皮裤",
							"conditions": [
								{
									"condition": "minecraft:location_check",
									"predicate": {
										"block": {
											"nbt": "{Items:[{Slot:1b,id:'minecraft:coal'},{Slot:2b,id:'minecraft:coal'},{Slot:3b,id:'minecraft:coal'},{Slot:10b,id:'minecraft:leather'},{Slot:12b,id:'minecraft:leather'},{Slot:19b,id:'minecraft:coal'},{Slot:21b,id:'minecraft:coal'}]}"
										}
									}
								}
							],
							"type": "minecraft:loot_table",
							"name": "cpp:tight_leather_leggings"
						},
						{
							"_comment": "牛仔裤",
							"conditions": [
								{
									"condition": "minecraft:location_check",
									"predicate": {
										"block": {
											"nbt": "{Items:[{Slot:1b,id:'minecraft:blue_dye'},{Slot:2b,id:'minecraft:blue_dye'},{Slot:3b,id:'minecraft:blue_dye'},{Slot:10b,id:'minecraft:leather'},{Slot:12b,id:'minecraft:leather'},{Slot:19b,id:'minecraft:blue_dye'},{Slot:21b,id:'minecraft:blue_dye'}]}"
										}
									}
								}
							],
							"type": "minecraft:loot_table",
							"name": "cpp:blue_jeans"
						},
						{
							"_comment": "冰糖葫芦",
							"conditions": [
								{
									"condition": "minecraft:location_check",
									"predicate": {
										"block": {
											"nbt": "{Items:[{Slot:1b,id:'minecraft:sugar'},{Slot:2b,tag:{id:'cpp:hawthorn'}},{Slot:3b,id:'minecraft:sugar'},{Slot:10b,id:'minecraft:sugar'},{Slot:11b,tag:{id:'cpp:hawthorn'}},{Slot:12b,id:'minecraft:sugar'},{Slot:20b,id:'minecraft:stick'}]}"
										}
									}
								}
							],
							"type": "minecraft:loot_table",
							"name": "cpp:candied_haw"
						}
					]
				}
			]
		}
	]
}