{
	"pools": [
		{
			"rolls": 1,
			"entries": [
				{
					"type": "minecraft:alternatives",
					"children": [
						{
							"_comment": "奶酪",
							"conditions": [
								{
									"condition": "minecraft:location_check",
									"predicate": {
										"block": {
											"nbt": "{Items:[{id:'minecraft:milk_bucket'},{tag:{id:'cpp:lemon'}}]}"
										}
									}
								}
							],
							"type": "minecraft:loot_table",
							"name": "cpp:cheese"
						},
						{
							"_comment": "便携式工作台",
							"conditions": [
								{
									"condition": "minecraft:location_check",
									"predicate": {
										"block": {
											"nbt": "{Items:[{id:'minecraft:experience_bottle'},{id:'minecraft:crafting_table'}]}"
										}
									}
								}
							],
							"type": "minecraft:loot_table",
							"name": "cpp:portable_crafting_table"
						},
						{
							"_comment": "便携式合成器",
							"conditions": [
								{
									"condition": "minecraft:location_check",
									"predicate": {
										"block": {
											"nbt": "{Items:[{id:'minecraft:experience_bottle'},{id:'minecraft:petrified_oak_slab'}]}"
										}
									}
								}
							],
							"type": "minecraft:loot_table",
							"name": "cpp:portable_crafting_machine"
						},
						{
							"_comment": "盾牌图案",
							"conditions": [
								{
									"condition": "minecraft:location_check",
									"predicate": {
										"block": {
											"nbt": "{Items:[{id:'minecraft:shield'},{tag:{id:'cpp:china_flag'}}]}"
										}
									}
								}
							],
							"type": "minecraft:loot_table",
							"name": "cpp:shield_china_flag"
						},
						{
							"conditions": [
								{
									"condition": "minecraft:location_check",
									"predicate": {
										"block": {
											"nbt": "{Items:[{id:'minecraft:shield'},{tag:{id:'cpp:usa_flag'}}]}"
										}
									}
								}
							],
							"type": "minecraft:loot_table",
							"name": "cpp:shield_usa_flag"
						},
						{
							"conditions": [
								{
									"condition": "minecraft:location_check",
									"predicate": {
										"block": {
											"nbt": "{Items:[{id:'minecraft:shield'},{tag:{id:'cpp:russia_flag'}}]}"
										}
									}
								}
							],
							"type": "minecraft:loot_table",
							"name": "cpp:shield_russia_flag"
						},
						{
							"conditions": [
								{
									"condition": "minecraft:location_check",
									"predicate": {
										"block": {
											"nbt": "{Items:[{id:'minecraft:shield'},{tag:{id:'cpp:france_flag'}}]}"
										}
									}
								}
							],
							"type": "minecraft:loot_table",
							"name": "cpp:shield_france_flag"
						},
						{
							"conditions": [
								{
									"condition": "minecraft:location_check",
									"predicate": {
										"block": {
											"nbt": "{Items:[{id:'minecraft:shield'},{tag:{id:'cpp:uk_flag'}}]}"
										}
									}
								}
							],
							"type": "minecraft:loot_table",
							"name": "cpp:shield_uk_flag"
						},
						{
							"conditions": [
								{
									"condition": "minecraft:location_check",
									"predicate": {
										"block": {
											"nbt": "{Items:[{id:'minecraft:shield'},{tag:{id:'cpp:bilibili_logo'}}]}"
										}
									}
								}
							],
							"type": "minecraft:loot_table",
							"name": "cpp:shield_bilibili"
						},
						{
							"conditions": [
								{
									"condition": "minecraft:location_check",
									"predicate": {
										"block": {
											"nbt": "{Items:[{id:'minecraft:shield'},{tag:{id:'cpp:github_logo'}}]}"
										}
									}
								}
							],
							"type": "minecraft:loot_table",
							"name": "cpp:shield_github"
						},
						{
							"conditions": [
								{
									"condition": "minecraft:location_check",
									"predicate": {
										"block": {
											"nbt": "{Items:[{id:'minecraft:shield'},{tag:{id:'cpp:mcmod_logo'}}]}"
										}
									}
								}
							],
							"type": "minecraft:loot_table",
							"name": "cpp:shield_mcmod"
						},
						{
							"conditions": [
								{
									"condition": "minecraft:location_check",
									"predicate": {
										"block": {
											"nbt": "{Items:[{id:'minecraft:shield'},{tag:{id:'cpp:tcp_logo'}}]}"
										}
									}
								}
							],
							"type": "minecraft:loot_table",
							"name": "cpp:shield_tcp"
						},
						{
							"conditions": [
								{
									"condition": "minecraft:location_check",
									"predicate": {
										"block": {
											"nbt": "{Items:[{id:'minecraft:shield'},{tag:{id:'cpp:cbl_logo'}}]}"
										}
									}
								}
							],
							"type": "minecraft:loot_table",
							"name": "cpp:shield_cbl"
						},
						{
							"conditions": [
								{
									"condition": "minecraft:location_check",
									"predicate": {
										"block": {
											"nbt": "{Items:[{id:'minecraft:shield'},{tag:{id:'cpp:nf_logo'}}]}"
										}
									}
								}
							],
							"type": "minecraft:loot_table",
							"name": "cpp:shield_nf"
						},
						{
							"_comment": "纸片人重命名",
							"conditions": [
								{
									"condition": "minecraft:location_check",
									"predicate": {
										"block": {
											"nbt": "{Items:[{id:'minecraft:emerald'},{tag:{id:'cpp:character',display:{Name:'{\"text\":\"樱之宫莓香\"}'}}}]}"
										}
									}
								}
							],
							"type": "minecraft:loot_table",
							"name": "cpp:character/01"
						},
						{
							"conditions": [
								{
									"condition": "minecraft:location_check",
									"predicate": {
										"block": {
											"nbt": "{Items:[{id:'minecraft:emerald'},{tag:{id:'cpp:character',display:{Name:'{\"text\":\"日向夏帆\"}'}}}]}"
										}
									}
								}
							],
							"type": "minecraft:loot_table",
							"name": "cpp:character/02"
						},
						{
							"conditions": [
								{
									"condition": "minecraft:location_check",
									"predicate": {
										"block": {
											"nbt": "{Items:[{id:'minecraft:emerald'},{tag:{id:'cpp:character',display:{Name:'{\"text\":\"星川麻冬\"}'}}}]}"
										}
									}
								}
							],
							"type": "minecraft:loot_table",
							"name": "cpp:character/03"
						},
						{
							"conditions": [
								{
									"condition": "minecraft:location_check",
									"predicate": {
										"block": {
											"nbt": "{Items:[{id:'minecraft:emerald'},{tag:{id:'cpp:character',display:{Name:'{\"text\":\"天野美雨\"}'}}}]}"
										}
									}
								}
							],
							"type": "minecraft:loot_table",
							"name": "cpp:character/04"
						},
						{
							"conditions": [
								{
									"condition": "minecraft:location_check",
									"predicate": {
										"block": {
											"nbt": "{Items:[{id:'minecraft:emerald'},{tag:{id:'cpp:character',display:{Name:'{\"text\":\"神崎日照\"}'}}}]}"
										}
									}
								}
							],
							"type": "minecraft:loot_table",
							"name": "cpp:character/05"
						},
						{
							"conditions": [
								{
									"condition": "minecraft:location_check",
									"predicate": {
										"block": {
											"nbt": "{Items:[{id:'minecraft:emerald'},{tag:{id:'cpp:character',display:{Name:'{\"text\":\"鹿目圆香\"}'}}}]}"
										}
									}
								}
							],
							"type": "minecraft:loot_table",
							"name": "cpp:character/06"
						},
						{
							"conditions": [
								{
									"condition": "minecraft:location_check",
									"predicate": {
										"block": {
											"nbt": "{Items:[{id:'minecraft:emerald'},{tag:{id:'cpp:character',display:{Name:'{\"text\":\"晓美焰\"}'}}}]}"
										}
									}
								}
							],
							"type": "minecraft:loot_table",
							"name": "cpp:character/07"
						},
						{
							"conditions": [
								{
									"condition": "minecraft:location_check",
									"predicate": {
										"block": {
											"nbt": "{Items:[{id:'minecraft:emerald'},{tag:{id:'cpp:character',display:{Name:'{\"text\":\"美树沙耶香\"}'}}}]}"
										}
									}
								}
							],
							"type": "minecraft:loot_table",
							"name": "cpp:character/08"
						},
						{
							"conditions": [
								{
									"condition": "minecraft:location_check",
									"predicate": {
										"block": {
											"nbt": "{Items:[{id:'minecraft:emerald'},{tag:{id:'cpp:character',display:{Name:'{\"text\":\"巴麻美\"}'}}}]}"
										}
									}
								}
							],
							"type": "minecraft:loot_table",
							"name": "cpp:character/09"
						},
						{
							"conditions": [
								{
									"condition": "minecraft:location_check",
									"predicate": {
										"block": {
											"nbt": "{Items:[{id:'minecraft:emerald'},{tag:{id:'cpp:character',display:{Name:'{\"text\":\"佐仓杏子\"}'}}}]}"
										}
									}
								}
							],
							"type": "minecraft:loot_table",
							"name": "cpp:character/10"
						},
						{
							"conditions": [
								{
									"condition": "minecraft:location_check",
									"predicate": {
										"block": {
											"nbt": "{Items:[{id:'minecraft:emerald'},{tag:{id:'cpp:character',display:{Name:'{\"text\":\"篝敦子\"}'}}}]}"
										}
									}
								}
							],
							"type": "minecraft:loot_table",
							"name": "cpp:character/11"
						},
						{
							"conditions": [
								{
									"condition": "minecraft:location_check",
									"predicate": {
										"block": {
											"nbt": "{Items:[{id:'minecraft:emerald'},{tag:{id:'cpp:character',display:{Name:'{\"text\":\"洛蒂·杨森\"}'}}}]}"
										}
									}
								}
							],
							"type": "minecraft:loot_table",
							"name": "cpp:character/12"
						},
						{
							"conditions": [
								{
									"condition": "minecraft:location_check",
									"predicate": {
										"block": {
											"nbt": "{Items:[{id:'minecraft:emerald'},{tag:{id:'cpp:character',display:{Name:'{\"text\":\"苏西·曼芭芭拉\"}'}}}]}"
										}
									}
								}
							],
							"type": "minecraft:loot_table",
							"name": "cpp:character/13"
						},
						{
							"conditions": [
								{
									"condition": "minecraft:location_check",
									"predicate": {
										"block": {
											"nbt": "{Items:[{id:'minecraft:emerald'},{tag:{id:'cpp:character',display:{Name:'{\"text\":\"夏莉欧·杜诺尔\"}'}}}]}"
										}
									}
								}
							],
							"type": "minecraft:loot_table",
							"name": "cpp:character/14"
						},
						{
							"conditions": [
								{
									"condition": "minecraft:location_check",
									"predicate": {
										"block": {
											"nbt": "{Items:[{id:'minecraft:emerald'},{tag:{id:'cpp:character',display:{Name:'{\"text\":\"春风DoReMi\"}'}}}]}"
										}
									}
								}
							],
							"type": "minecraft:loot_table",
							"name": "cpp:character/15"
						},
						{
							"conditions": [
								{
									"condition": "minecraft:location_check",
									"predicate": {
										"block": {
											"nbt": "{Items:[{id:'minecraft:emerald'},{tag:{id:'cpp:character',display:{Name:'{\"text\":\"藤原羽月\"}'}}}]}"
										}
									}
								}
							],
							"type": "minecraft:loot_table",
							"name": "cpp:character/16"
						},
						{
							"conditions": [
								{
									"condition": "minecraft:location_check",
									"predicate": {
										"block": {
											"nbt": "{Items:[{id:'minecraft:emerald'},{tag:{id:'cpp:character',display:{Name:'{\"text\":\"妹尾爱子\"}'}}}]}"
										}
									}
								}
							],
							"type": "minecraft:loot_table",
							"name": "cpp:character/17"
						},
						{
							"conditions": [
								{
									"condition": "minecraft:location_check",
									"predicate": {
										"block": {
											"nbt": "{Items:[{id:'minecraft:emerald'},{tag:{id:'cpp:character',display:{Name:'{\"text\":\"木之本樱\"}'}}}]}"
										}
									}
								}
							],
							"type": "minecraft:loot_table",
							"name": "cpp:character/18"
						},
						{
							"conditions": [
								{
									"condition": "minecraft:location_check",
									"predicate": {
										"block": {
											"nbt": "{Items:[{id:'minecraft:emerald'},{tag:{id:'cpp:character',display:{Name:'{\"text\":\"小起\"}'}}}]}"
										}
									}
								}
							],
							"type": "minecraft:loot_table",
							"name": "cpp:character/19"
						},
						{
							"conditions": [
								{
									"condition": "minecraft:location_check",
									"predicate": {
										"block": {
											"nbt": "{Items:[{id:'minecraft:emerald'},{tag:{id:'cpp:character',display:{Name:'{\"text\":\"宫永咲\"}'}}}]}"
										}
									}
								}
							],
							"type": "minecraft:loot_table",
							"name": "cpp:character/20"
						},
						{
							"conditions": [
								{
									"condition": "minecraft:location_check",
									"predicate": {
										"block": {
											"nbt": "{Items:[{id:'minecraft:emerald'},{tag:{id:'cpp:character',display:{Name:'{\"text\":\"原村和\"}'}}}]}"
										}
									}
								}
							],
							"type": "minecraft:loot_table",
							"name": "cpp:character/21"
						},
						{
							"conditions": [
								{
									"condition": "minecraft:location_check",
									"predicate": {
										"block": {
											"nbt": "{Items:[{id:'minecraft:emerald'},{tag:{id:'cpp:character',display:{Name:'{\"text\":\"片冈优希\"}'}}}]}"
										}
									}
								}
							],
							"type": "minecraft:loot_table",
							"name": "cpp:character/22"
						},
						{
							"conditions": [
								{
									"condition": "minecraft:location_check",
									"predicate": {
										"block": {
											"nbt": "{Items:[{id:'minecraft:emerald'},{tag:{id:'cpp:character',display:{Name:'{\"text\":\"染谷真子\"}'}}}]}"
										}
									}
								}
							],
							"type": "minecraft:loot_table",
							"name": "cpp:character/23"
						},
						{
							"conditions": [
								{
									"condition": "minecraft:location_check",
									"predicate": {
										"block": {
											"nbt": "{Items:[{id:'minecraft:emerald'},{tag:{id:'cpp:character',display:{Name:'{\"text\":\"竹井久\"}'}}}]}"
										}
									}
								}
							],
							"type": "minecraft:loot_table",
							"name": "cpp:character/24"
						},
						{
							"conditions": [
								{
									"condition": "minecraft:location_check",
									"predicate": {
										"block": {
											"nbt": "{Items:[{id:'minecraft:emerald'},{tag:{id:'cpp:character',display:{Name:'{\"text\":\"龙门渕透华\"}'}}}]}"
										}
									}
								}
							],
							"type": "minecraft:loot_table",
							"name": "cpp:character/25"
						},
						{
							"conditions": [
								{
									"condition": "minecraft:location_check",
									"predicate": {
										"block": {
											"nbt": "{Items:[{id:'minecraft:emerald'},{tag:{id:'cpp:character',display:{Name:'{\"text\":\"天江衣\"}'}}}]}"
										}
									}
								}
							],
							"type": "minecraft:loot_table",
							"name": "cpp:character/26"
						},
						{
							"conditions": [
								{
									"condition": "minecraft:location_check",
									"predicate": {
										"block": {
											"nbt": "{Items:[{id:'minecraft:emerald'},{tag:{id:'cpp:character',display:{Name:'{\"text\":\"福路美穗子\"}'}}}]}"
										}
									}
								}
							],
							"type": "minecraft:loot_table",
							"name": "cpp:character/27"
						},
						{
							"conditions": [
								{
									"condition": "minecraft:location_check",
									"predicate": {
										"block": {
											"nbt": "{Items:[{id:'minecraft:emerald'},{tag:{id:'cpp:character',display:{Name:'{\"text\":\"濑川音符\"}'}}}]}"
										}
									}
								}
							],
							"type": "minecraft:loot_table",
							"name": "cpp:character/28"
						},
						{
							"conditions": [
								{
									"condition": "minecraft:location_check",
									"predicate": {
										"block": {
											"nbt": "{Items:[{id:'minecraft:emerald'},{tag:{id:'cpp:character',display:{Name:'{\"text\":\"飞鸟桃子\"}'}}}]}"
										}
									}
								}
							],
							"type": "minecraft:loot_table",
							"name": "cpp:character/29"
						},
						{
							"conditions": [
								{
									"condition": "minecraft:location_check",
									"predicate": {
										"block": {
											"nbt": "{Items:[{id:'minecraft:emerald'},{tag:{id:'cpp:character',display:{Name:'{\"text\":\"卷机山花\"}'}}}]}"
										}
									}
								}
							],
							"type": "minecraft:loot_table",
							"name": "cpp:character/30"
						},
						{
							"conditions": [
								{
									"condition": "minecraft:location_check",
									"predicate": {
										"block": {
											"nbt": "{Items:[{id:'minecraft:emerald'},{tag:{id:'cpp:character',display:{Name:'{\"text\":\"保登心爱\"}'}}}]}"
										}
									}
								}
							],
							"type": "minecraft:loot_table",
							"name": "cpp:character/31"
						},
						{
							"conditions": [
								{
									"condition": "minecraft:location_check",
									"predicate": {
										"block": {
											"nbt": "{Items:[{id:'minecraft:emerald'},{tag:{id:'cpp:character',display:{Name:'{\"text\":\"香风智乃\"}'}}}]}"
										}
									}
								}
							],
							"type": "minecraft:loot_table",
							"name": "cpp:character/32"
						},
						{
							"conditions": [
								{
									"condition": "minecraft:location_check",
									"predicate": {
										"block": {
											"nbt": "{Items:[{id:'minecraft:emerald'},{tag:{id:'cpp:character',display:{Name:'{\"text\":\"天天座理世\"}'}}}]}"
										}
									}
								}
							],
							"type": "minecraft:loot_table",
							"name": "cpp:character/33"
						},
						{
							"conditions": [
								{
									"condition": "minecraft:location_check",
									"predicate": {
										"block": {
											"nbt": "{Items:[{id:'minecraft:emerald'},{tag:{id:'cpp:character',display:{Name:'{\"text\":\"宇治松千夜\"}'}}}]}"
										}
									}
								}
							],
							"type": "minecraft:loot_table",
							"name": "cpp:character/34"
						},
						{
							"conditions": [
								{
									"condition": "minecraft:location_check",
									"predicate": {
										"block": {
											"nbt": "{Items:[{id:'minecraft:emerald'},{tag:{id:'cpp:character',display:{Name:'{\"text\":\"桐间纱路\"}'}}}]}"
										}
									}
								}
							],
							"type": "minecraft:loot_table",
							"name": "cpp:character/35"
						},
						{
							"conditions": [
								{
									"condition": "minecraft:location_check",
									"predicate": {
										"block": {
											"nbt": "{Items:[{id:'minecraft:emerald'},{tag:{id:'cpp:character',display:{Name:'{\"text\":\"条河麻耶\"}'}}}]}"
										}
									}
								}
							],
							"type": "minecraft:loot_table",
							"name": "cpp:character/36"
						},
						{
							"conditions": [
								{
									"condition": "minecraft:location_check",
									"predicate": {
										"block": {
											"nbt": "{Items:[{id:'minecraft:emerald'},{tag:{id:'cpp:character',display:{Name:'{\"text\":\"奈津惠\"}'}}}]}"
										}
									}
								}
							],
							"type": "minecraft:loot_table",
							"name": "cpp:character/37"
						},
						{
							"conditions": [
								{
									"condition": "minecraft:location_check",
									"predicate": {
										"block": {
											"nbt": "{Items:[{id:'minecraft:emerald'},{tag:{id:'cpp:character',display:{Name:'{\"text\":\"青山Blue Mountain\"}'}}}]}"
										}
									}
								}
							],
							"type": "minecraft:loot_table",
							"name": "cpp:character/38"
						},
						{
							"conditions": [
								{
									"condition": "minecraft:location_check",
									"predicate": {
										"block": {
											"nbt": "{Items:[{id:'minecraft:emerald'},{tag:{id:'cpp:character',display:{Name:'{\"text\":\"一姬\"}'}}}]}"
										}
									}
								}
							],
							"type": "minecraft:loot_table",
							"name": "cpp:character/39"
						},
						{
							"conditions": [
								{
									"condition": "minecraft:location_check",
									"predicate": {
										"block": {
											"nbt": "{Items:[{id:'minecraft:emerald'},{tag:{id:'cpp:character',display:{Name:'{\"text\":\"八木唯\"}'}}}]}"
										}
									}
								}
							],
							"type": "minecraft:loot_table",
							"name": "cpp:character/40"
						},
						{
							"conditions": [
								{
									"condition": "minecraft:location_check",
									"predicate": {
										"block": {
											"nbt": "{Items:[{id:'minecraft:emerald'},{tag:{id:'cpp:character',display:{Name:'{\"text\":\"三上千织\"}'}}}]}"
										}
									}
								}
							],
							"type": "minecraft:loot_table",
							"name": "cpp:character/41"
						},
						{
							"conditions": [
								{
									"condition": "minecraft:location_check",
									"predicate": {
										"block": {
											"nbt": "{Items:[{id:'minecraft:emerald'},{tag:{id:'cpp:character',display:{Name:'{\"text\":\"藤田佳奈\"}'}}}]}"
										}
									}
								}
							],
							"type": "minecraft:loot_table",
							"name": "cpp:character/42"
						},
						{
							"conditions": [
								{
									"condition": "minecraft:location_check",
									"predicate": {
										"block": {
											"nbt": "{Items:[{id:'minecraft:emerald'},{tag:{id:'cpp:character',display:{Name:'{\"text\":\"相原舞\"}'}}}]}"
										}
									}
								}
							],
							"type": "minecraft:loot_table",
							"name": "cpp:character/43"
						},
						{
							"conditions": [
								{
									"condition": "minecraft:location_check",
									"predicate": {
										"block": {
											"nbt": "{Items:[{id:'minecraft:emerald'},{tag:{id:'cpp:character',display:{Name:'{\"text\":\"九条璃雨\"}'}}}]}"
										}
									}
								}
							],
							"type": "minecraft:loot_table",
							"name": "cpp:character/44"
						},
						{
							"conditions": [
								{
									"condition": "minecraft:location_check",
									"predicate": {
										"block": {
											"nbt": "{Items:[{id:'minecraft:emerald'},{tag:{id:'cpp:character',display:{Name:'{\"text\":\"泽尼娅\"}'}}}]}"
										}
									}
								}
							],
							"type": "minecraft:loot_table",
							"name": "cpp:character/45"
						},
						{
							"conditions": [
								{
									"condition": "minecraft:location_check",
									"predicate": {
										"block": {
											"nbt": "{Items:[{id:'minecraft:emerald'},{tag:{id:'cpp:character',display:{Name:'{\"text\":\"轻库娘\"}'}}}]}"
										}
									}
								}
							],
							"type": "minecraft:loot_table",
							"name": "cpp:character/46"
						},
						{
							"conditions": [
								{
									"condition": "minecraft:location_check",
									"predicate": {
										"block": {
											"nbt": "{Items:[{id:'minecraft:emerald'},{tag:{id:'cpp:character',display:{Name:'{\"text\":\"二之宫花\"}'}}}]}"
										}
									}
								}
							],
							"type": "minecraft:loot_table",
							"name": "cpp:character/47"
						},
						{
							"conditions": [
								{
									"condition": "minecraft:location_check",
									"predicate": {
										"block": {
											"nbt": "{Items:[{id:'minecraft:emerald'},{tag:{id:'cpp:character',display:{Name:'{\"text\":\"白石奈奈\"}'}}}]}"
										}
									}
								}
							],
							"type": "minecraft:loot_table",
							"name": "cpp:character/48"
						},
						{
							"conditions": [
								{
									"condition": "minecraft:location_check",
									"predicate": {
										"block": {
											"nbt": "{Items:[{id:'minecraft:emerald'},{tag:{id:'cpp:character',display:{Name:'{\"text\":\"小鸟游雏田\"}'}}}]}"
										}
									}
								}
							],
							"type": "minecraft:loot_table",
							"name": "cpp:character/49"
						},
						{
							"conditions": [
								{
									"condition": "minecraft:location_check",
									"predicate": {
										"block": {
											"nbt": "{Items:[{id:'minecraft:emerald'},{tag:{id:'cpp:character',display:{Name:'{\"text\":\"五十岚阳菜\"}'}}}]}"
										}
									}
								}
							],
							"type": "minecraft:loot_table",
							"name": "cpp:character/50"
						},
						{
							"conditions": [
								{
									"condition": "minecraft:location_check",
									"predicate": {
										"block": {
											"nbt": "{Items:[{id:'minecraft:emerald'},{tag:{id:'cpp:character',display:{Name:'{\"text\":\"凉宫杏树\"}'}}}]}"
										}
									}
								}
							],
							"type": "minecraft:loot_table",
							"name": "cpp:character/51"
						},
						{
							"conditions": [
								{
									"condition": "minecraft:location_check",
									"predicate": {
										"block": {
											"nbt": "{Items:[{id:'minecraft:emerald'},{tag:{id:'cpp:character',display:{Name:'{\"text\":\"绊爱\"}'}}}]}"
										}
									}
								}
							],
							"type": "minecraft:loot_table",
							"name": "cpp:character/52"
						},
						{
							"conditions": [
								{
									"condition": "minecraft:location_check",
									"predicate": {
										"block": {
											"nbt": "{Items:[{id:'minecraft:emerald'},{tag:{id:'cpp:character',display:{Name:'{\"text\":\"本间向日葵\"}'}}}]}"
										}
									}
								}
							],
							"type": "minecraft:loot_table",
							"name": "cpp:character/53"
						},
						{
							"conditions": [
								{
									"condition": "minecraft:location_check",
									"predicate": {
										"block": {
											"nbt": "{Items:[{id:'minecraft:emerald'},{tag:{id:'cpp:character',display:{Name:'{\"text\":\"神楽めあ\"}'}}}]}"
										}
									}
								}
							],
							"type": "minecraft:loot_table",
							"name": "cpp:character/54"
						},
						{
							"conditions": [
								{
									"condition": "minecraft:location_check",
									"predicate": {
										"block": {
											"nbt": "{Items:[{id:'minecraft:emerald'},{tag:{id:'cpp:character',display:{Name:'{\"text\":\"湊あくあ\"}'}}}]}"
										}
									}
								}
							],
							"type": "minecraft:loot_table",
							"name": "cpp:character/55"
						},
						{
							"conditions": [
								{
									"condition": "minecraft:location_check",
									"predicate": {
										"block": {
											"nbt": "{Items:[{id:'minecraft:emerald'},{tag:{id:'cpp:character',display:{Name:'{\"text\":\"新科娘\"}'}}}]}"
										}
									}
								}
							],
							"type": "minecraft:loot_table",
							"name": "cpp:character/56"
						},
						{
							"conditions": [
								{
									"condition": "minecraft:location_check",
									"predicate": {
										"block": {
											"nbt": "{Items:[{id:'minecraft:emerald'},{tag:{id:'cpp:character',display:{Name:'{\"text\":\"森永みう\"}'}}}]}"
										}
									}
								}
							],
							"type": "minecraft:loot_table",
							"name": "cpp:character/57"
						},
						{
							"conditions": [
								{
									"condition": "minecraft:location_check",
									"predicate": {
										"block": {
											"nbt": "{Items:[{id:'minecraft:emerald'},{tag:{id:'cpp:character',display:{Name:'{\"text\":\"白上吹雪\"}'}}}]}"
										}
									}
								}
							],
							"type": "minecraft:loot_table",
							"name": "cpp:character/58"
						},
						{
							"conditions": [
								{
									"condition": "minecraft:location_check",
									"predicate": {
										"block": {
											"nbt": "{Items:[{id:'minecraft:emerald'},{tag:{id:'cpp:character',display:{Name:'{\"text\":\"白咲花\"}'}}}]}"
										}
									}
								}
							],
							"type": "minecraft:loot_table",
							"name": "cpp:character/59"
						},
						{
							"conditions": [
								{
									"condition": "minecraft:location_check",
									"predicate": {
										"block": {
											"nbt": "{Items:[{id:'minecraft:emerald'},{tag:{id:'cpp:character',display:{Name:'{\"text\":\"星野日向\"}'}}}]}"
										}
									}
								}
							],
							"type": "minecraft:loot_table",
							"name": "cpp:character/60"
						},
						{
							"conditions": [
								{
									"condition": "minecraft:location_check",
									"predicate": {
										"block": {
											"nbt": "{Items:[{id:'minecraft:emerald'},{tag:{id:'cpp:character',display:{Name:'{\"text\":\"姬坂乃爱\"}'}}}]}"
										}
									}
								}
							],
							"type": "minecraft:loot_table",
							"name": "cpp:character/61"
						},
						{
							"conditions": [
								{
									"condition": "minecraft:location_check",
									"predicate": {
										"block": {
											"nbt": "{Items:[{id:'minecraft:emerald'},{tag:{id:'cpp:character',display:{Name:'{\"text\":\"祢豆子\"}'}}}]}"
										}
									}
								}
							],
							"type": "minecraft:loot_table",
							"name": "cpp:character/62"
						},
						{
							"conditions": [
								{
									"condition": "minecraft:location_check",
									"predicate": {
										"block": {
											"nbt": "{Items:[{id:'minecraft:emerald'},{tag:{id:'cpp:character',display:{Name:'{\"text\":\"木下优子\"}'}}}]}"
										}
									}
								}
							],
							"type": "minecraft:loot_table",
							"name": "cpp:character/63"
						},
						{
							"conditions": [
								{
									"condition": "minecraft:location_check",
									"predicate": {
										"block": {
											"nbt": "{Items:[{id:'minecraft:emerald'},{tag:{id:'cpp:character',display:{Name:'{\"text\":\"七海千秋\"}'}}}]}"
										}
									}
								}
							],
							"type": "minecraft:loot_table",
							"name": "cpp:character/64"
						},
						{
							"_comment": "蓝色妖姬",
							"conditions": [
								{
									"condition": "minecraft:location_check",
									"predicate": {
										"block": {
											"nbt": "{Items:[{id:'minecraft:blue_dye'},{id:'minecraft:rose_bush'}]}"
										}
									}
								}
							],
							"type": "minecraft:loot_table",
							"name": "cpp:blue_rose"
						},
						{
							"_comment": "粽子",
							"conditions": [
								{
									"condition": "minecraft:location_check",
									"predicate": {
										"block": {
											"nbt": "{Items:[{tag:{id:'cpp:esparto'}},{tag:{id:'cpp:rice'}}]}"
										}
									}
								}
							],
							"type": "minecraft:loot_table",
							"name": "cpp:zongzi"
						}
					]
				}
			]
		}
	]
}