{
	"criteria": {
		"mossy_cobblestone_slab": {
			"trigger": "minecraft:inventory_changed",
			"conditions": {
				"items": [
					{
						"item": "minecraft:mossy_cobblestone_slab"
					}
				]
			}
		},
		"has_the_recipe": {
			"trigger": "minecraft:recipe_unlocked",
			"conditions": {
				"recipe": "cpp:slab_to_block/mossy_cobblestone_slab"
			}
		}
	},
	"rewards":{
		"recipes": ["cpp:slab_to_block/mossy_cobblestone_slab"]
	},
	"requirements": [
		[
			"mossy_cobblestone_slab",
			"has_the_recipe"
		]
	]
}