{
	"pools": [
		{
			"rolls": 1,
			"entries": [
				{
					"type": "minecraft:item",
					"name": "minecraft:item_frame",
					"functions": [
						{
							"function": "minecraft:set_nbt",
							"tag":"{display:{Name:'{\"italic\":false,\"translate\":\"item.cpp.china_flag\"}'},id:'cpp:china_flag',CustomModelData:12974401,EntityTag:{Item:{id:'minecraft:item_frame',Count:1b,tag:{CustomModelData:12974401,cpp_clear:1b}},Tags:['cpp_item_frame_flag','cpp_special_item_frame','cpp_china_flag']}}"
						}
					]
				}
			]
		}
	]
}