{
	"pools": [
		{
			"rolls": 1,
			"entries": [
				{
					"type": "minecraft:alternatives",
					"children": [
						{
							"conditions": [
								{
									"condition": "minecraft:location_check",
									"predicate": {
										"block": {
											"nbt": "{Items:[{Slot:11b,id:'minecraft:iron_nugget'}]}"
										}
									}
								}
							],
							"type": "minecraft:item",
							"name": "minecraft:stone",
							"functions": [
								{
									"function": "minecraft:set_nbt",
									"tag": "{cppDyeId:0}"
								}
							]
						},
						{
							"conditions": [
								{
									"condition": "minecraft:location_check",
									"predicate": {
										"block": {
											"nbt": "{Items:[{Slot:11b,id:'minecraft:gold_nugget'}]}"
										}
									}
								}
							],
							"type": "minecraft:item",
							"name": "minecraft:stone",
							"functions": [
								{
									"function": "minecraft:set_nbt",
									"tag": "{cppDyeId:1}"
								}
							]
						}
					]
				}
			]
		}
	]
}