{
	"pools": [
		{
			"rolls": 1,
			"entries": [
				{
					"type": "minecraft:alternatives",
					"children": [
						{
							"conditions": [
								{
									"condition": "minecraft:location_check",
									"predicate": {
										"block": {
											"nbt": "{Items:[{Slot:10b,id:'minecraft:experience_bottle'}]}"
										}
									}
								}
							],
							"type": "minecraft:item",
							"name": "minecraft:stone",
							"functions": [
								{
									"function": "minecraft:set_nbt",
									"tag": "{cppDyeId:0}"
								}
							]
						},
						{
							"conditions": [
								{
									"condition": "minecraft:location_check",
									"predicate": {
										"block": {
											"nbt": "{Items:[{Slot:10b,id:'minecraft:glowstone_dust'}]}"
										}
									}
								}
							],
							"type": "minecraft:item",
							"name": "minecraft:stone",
							"functions": [
								{
									"function": "minecraft:set_nbt",
									"tag": "{cppDyeId:1}"
								}
							]
						},
						{
							"conditions": [
								{
									"condition": "minecraft:location_check",
									"predicate": {
										"block": {
											"nbt": "{Items:[{Slot:10b,id:'minecraft:diamond'}]}"
										}
									}
								}
							],
							"type": "minecraft:item",
							"name": "minecraft:stone",
							"functions": [
								{
									"function": "minecraft:set_nbt",
									"tag": "{cppDyeId:2}"
								}
							]
						},
						{
							"conditions": [
								{
									"condition": "minecraft:location_check",
									"predicate": {
										"block": {
											"nbt": "{Items:[{Slot:10b,id:'minecraft:coal'}]}"
										}
									}
								}
							],
							"type": "minecraft:item",
							"name": "minecraft:stone",
							"functions": [
								{
									"function": "minecraft:set_nbt",
									"tag": "{cppDyeId:3}"
								}
							]
						},
						{
							"conditions": [
								{
									"condition": "minecraft:location_check",
									"predicate": {
										"block": {
											"nbt": "{Items:[{Slot:10b,id:'minecraft:redstone'}]}"
										}
									}
								}
							],
							"type": "minecraft:item",
							"name": "minecraft:stone",
							"functions": [
								{
									"function": "minecraft:set_nbt",
									"tag": "{cppDyeId:4}"
								}
							]
						},
						{
							"conditions": [
								{
									"condition": "minecraft:location_check",
									"predicate": {
										"block": {
											"nbt": "{Items:[{Slot:10b,id:'minecraft:lapis_lazuli'}]}"
										}
									}
								}
							],
							"type": "minecraft:item",
							"name": "minecraft:stone",
							"functions": [
								{
									"function": "minecraft:set_nbt",
									"tag": "{cppDyeId:5}"
								}
							]
						}
					]
				}
			]
		}
	]
}