{
	"pools": [
		{
			"rolls": 1,
			"entries": [
				{ "type": "minecraft:loot_table", "name": "cpp:character/01" },
				{ "type": "minecraft:loot_table", "name": "cpp:character/02" },
				{ "type": "minecraft:loot_table", "name": "cpp:character/03" },
				{ "type": "minecraft:loot_table", "name": "cpp:character/04" },
				{ "type": "minecraft:loot_table", "name": "cpp:character/05" },
				{ "type": "minecraft:loot_table", "name": "cpp:character/06" },
				{ "type": "minecraft:loot_table", "name": "cpp:character/07" },
				{ "type": "minecraft:loot_table", "name": "cpp:character/08" },
				{ "type": "minecraft:loot_table", "name": "cpp:character/09" },
				{ "type": "minecraft:loot_table", "name": "cpp:character/10" },
				{ "type": "minecraft:loot_table", "name": "cpp:character/11" },
				{ "type": "minecraft:loot_table", "name": "cpp:character/12" },
				{ "type": "minecraft:loot_table", "name": "cpp:character/13" },
				{ "type": "minecraft:loot_table", "name": "cpp:character/14" },
				{ "type": "minecraft:loot_table", "name": "cpp:character/15" },
				{ "type": "minecraft:loot_table", "name": "cpp:character/16" },
				{ "type": "minecraft:loot_table", "name": "cpp:character/17" },
				{ "type": "minecraft:loot_table", "name": "cpp:character/18" },
				{ "type": "minecraft:loot_table", "name": "cpp:character/19" },
				{ "type": "minecraft:loot_table", "name": "cpp:character/20" },
				{ "type": "minecraft:loot_table", "name": "cpp:character/21" },
				{ "type": "minecraft:loot_table", "name": "cpp:character/22" },
				{ "type": "minecraft:loot_table", "name": "cpp:character/23" },
				{ "type": "minecraft:loot_table", "name": "cpp:character/24" },
				{ "type": "minecraft:loot_table", "name": "cpp:character/25" },
				{ "type": "minecraft:loot_table", "name": "cpp:character/26" },
				{ "type": "minecraft:loot_table", "name": "cpp:character/27" },
				{ "type": "minecraft:loot_table", "name": "cpp:character/28" },
				{ "type": "minecraft:loot_table", "name": "cpp:character/29" },
				{ "type": "minecraft:loot_table", "name": "cpp:character/30" },
				{ "type": "minecraft:loot_table", "name": "cpp:character/31" },
				{ "type": "minecraft:loot_table", "name": "cpp:character/32" },
				{ "type": "minecraft:loot_table", "name": "cpp:character/33" },
				{ "type": "minecraft:loot_table", "name": "cpp:character/34" },
				{ "type": "minecraft:loot_table", "name": "cpp:character/35" },
				{ "type": "minecraft:loot_table", "name": "cpp:character/36" },
				{ "type": "minecraft:loot_table", "name": "cpp:character/37" },
				{ "type": "minecraft:loot_table", "name": "cpp:character/38" },
				{ "type": "minecraft:loot_table", "name": "cpp:character/39" },
				{ "type": "minecraft:loot_table", "name": "cpp:character/40" },
				{ "type": "minecraft:loot_table", "name": "cpp:character/41" },
				{ "type": "minecraft:loot_table", "name": "cpp:character/42" },
				{ "type": "minecraft:loot_table", "name": "cpp:character/43" },
				{ "type": "minecraft:loot_table", "name": "cpp:character/44" },
				{ "type": "minecraft:loot_table", "name": "cpp:character/45" },
				{ "type": "minecraft:loot_table", "name": "cpp:character/46" },
				{ "type": "minecraft:loot_table", "name": "cpp:character/47" },
				{ "type": "minecraft:loot_table", "name": "cpp:character/48" },
				{ "type": "minecraft:loot_table", "name": "cpp:character/49" },
				{ "type": "minecraft:loot_table", "name": "cpp:character/50" },
				{ "type": "minecraft:loot_table", "name": "cpp:character/51" },
				{ "type": "minecraft:loot_table", "name": "cpp:character/52" },
				{ "type": "minecraft:loot_table", "name": "cpp:character/53" },
				{ "type": "minecraft:loot_table", "name": "cpp:character/54" },
				{ "type": "minecraft:loot_table", "name": "cpp:character/55" },
				{ "type": "minecraft:loot_table", "name": "cpp:character/56" },
				{ "type": "minecraft:loot_table", "name": "cpp:character/57" },
				{ "type": "minecraft:loot_table", "name": "cpp:character/58" },
				{ "type": "minecraft:loot_table", "name": "cpp:character/59" },
				{ "type": "minecraft:loot_table", "name": "cpp:character/60" },
				{ "type": "minecraft:loot_table", "name": "cpp:character/61" },
				{ "type": "minecraft:loot_table", "name": "cpp:character/62" },
				{ "type": "minecraft:loot_table", "name": "cpp:character/63" },
				{ "type": "minecraft:loot_table", "name": "cpp:character/64" }
			]
		}
	]
}